Geo Point,Geo Shape,objectid_1,objectid,Ambulance,City,County,crashalcoh,Day of Week,Date,Cause of Crash,Hour of Crash,Location of Crash,Crash Month,Crash Time,Crash Type,crash_ty_1,Crash Year,crsh_sevri,Development,drvrage_gr,Driver Age,drvr_alc_d,drvr_estep,Driver Injury,Driver Race,Driver Sex,Vehicle Type,excsspdind,Hit and Run,latitude,Light Conditions,Locality,longitude,Number of Lanes,Number of Units,Pedestrian Age Group,Pedestrian Age,ped_alc_dr,Pedestrian Injury,Pedestrian Position,Pedestrian Race,Pedestrian Sex,Road Characteristic,Road Class,rd_conditi,Road Configuration,Road Defects,Road Feature,Road Surface,Region,Rural/Urban,Speed Limit,Traffic Control,Weather,Workzone
"35.9615971067, -78.977202721","{u'type': u'Point', u'coordinates': [-78.97720272096471, 35.96159710674451]}",4394,1847,Yes,Durham,Durham,Yes,Friday,14NOV2008,Crossing Roadway - Vehicle Not Turning,20,Intersection,November,20:14,Pedestrian Failed to Yield,11760,2008,,Commercial,40-49,46,No,Unknown,O: No Injury,White,Female,Passenger Car,No,No,36,Dark - Lighted Roadway,Urban (>70% Developed),-79,3 lanes,2,31-40,34,Yes,B: Evident Injury,Intersection Proper,White,Male,Straight - Level,Local Street,Wet,"Two-Way, Divided, Unprotected Median",None,Four-Way Intersection,Smooth Asphalt,Piedmont,Urban,30 - 35  MPH,Stop And Go Signal,Rain,No
"35.9036670914, -79.0442027378","{u'type': u'Point', u'coordinates': [-79.04420273778061, 35.90366709142691]}",1962,1962,No,Chapel Hill,Orange,No,Wednesday,31JAN2007,Working or Playing in Roadway,18,Intersection,January,18:40,Working in Roadway,1311,2007,O: No Injury,Institutional,40-49,49,No,0-5 mph,O: No Injury,Black,Male,Commercial Bus,No,No,36,Dark - Lighted Roadway,Urban (>70% Developed),-79,4 lanes,2,61-79,61,No,O: No Injury,Intersection Proper,White,Male,Straight - Hillcrest,Local Street,Dry,"Two-Way, Not Divided",None,No Special Feature,Coarse Asphalt,Piedmont,Urban,20 - 25  MPH,Human Control,Clear,No
"35.9081170935, -79.0239027322","{u'type': u'Point', u'coordinates': [-79.02390273221424, 35.908117093458515]}",10245,364,Yes,Chapel Hill,Orange,No,Thursday,24FEB2011,Crossing Roadway - Vehicle Turning,15,Intersection,February,15:33,Motorist Left Turn - Parallel Paths,12781,2011,C: Possible Injury,Commercial,20-24,23,No,Unknown,O: No Injury,White,Female,Passenger Car,No,No,36,Daylight,Urban (>70% Developed),-79,4 lanes,2,16-20,19,No,C: Possible Injury,Crosswalk Area,White,Male,Straight - Grade,NC Route,Dry,"Two-Way, Divided, Unprotected Median",None,Four-Way Intersection,Smooth Asphalt,Piedmont,Urban,30 - 35  MPH,Stop And Go Signal,Clear,No
"35.9595671065, -78.9557027141","{u'type': u'Point', u'coordinates': [-78.95570271414434, 35.95956710652295]}",10326,445,Yes,Durham,Durham,No,Monday,14MAR2011,Crossing Roadway - Vehicle Not Turning,20,Intersection-Related,March,20:22,Pedestrian Failed to Yield,43760,2011,B: Evident Injury,Commercial,40-49,48,No,36-40 mph,O: No Injury,White,Female,Passenger Car,No,No,36,Dark - Lighted Roadway,Urban (>70% Developed),-79,4 lanes,2,16-20,19,No,B: Evident Injury,Travel Lane,Black,Female,Straight - Level,Local Street,Dry,"Two-Way, Not Divided",None,No Special Feature,Smooth Asphalt,Piedmont,Urban,40 - 45  MPH,No Control Present,Clear,No
"35.9470771036, -78.9785027202","{u'type': u'Point', u'coordinates': [-78.97850272023247, 35.94707710355551]}",10703,822,Yes,Durham,Durham,No,Friday,13MAY2011,Backing Vehicle,19,Non-Roadway,May,19:08,Backing Vehicle - Parking Lot,38214,2011,B: Evident Injury,Residential,30-39,32,No,0-5 mph,O: No Injury,White,Female,Van,No,No,36,Daylight,Urban (>70% Developed),-79,Unknown,2,0-5,3,No,B: Evident Injury,Non-Roadway - Parking Lot / Other,White,Female,Straight - Level,Public Vehicular Area,Dry,"Two-Way, Not Divided",None,No Special Feature,Smooth Asphalt,Piedmont,Urban,30 - 35  MPH,No Control Present,Clear,No
"35.9407271005, -79.0196027333","{u'type': u'Point', u'coordinates': [-79.01960273330228, 35.94072710054284]}",17522,2517,Yes,Chapel Hill,Orange,No,Monday,05NOV2012,Crossing Roadway - Vehicle Not Turning,22,Non-Intersection,November,22:14,Pedestrian Failed to Yield,,2012,,Commercial,40-49,45,No,31-35 mph,O: No Injury,Asian,Male,Passenger Car,No,No,36,Dark - Roadway Not Lighted,Urban (>70% Developed),-79,2 lanes,2,61-79,64,No,B: Evident Injury,Travel Lane,Black,Male,Straight - Level,US Route,Dry,"Two-Way, Not Divided",None,No Special Feature,Smooth Asphalt,Piedmont,Urban,30 - 35  MPH,"Double Yellow Line, No Passing Zone",Clear,No
"35.9086370923, -79.0482027399","{u'type': u'Point', u'coordinates': [-79.04820273990255, 35.90863709226002]}",1974,1974,No,Chapel Hill,Orange,No,Friday,13APR2007,Backing Vehicle,13,Non-Roadway,April,13:49,Backing Vehicle - Parking Lot,3214,2007,C: Possible Injury,Institutional,Unknown,Unknown,Missing,0-5 mph,Unknown Injury,Unknown/Missing,Unknown,Unknown,No,Yes,36,Daylight,Urban (>70% Developed),-79,2 lanes,2,41-50,46,No,C: Possible Injury,Non-Roadway - Parking Lot / Other,Black,Female,Straight - Level,Public Vehicular Area,Dry,"Two-Way, Not Divided",None,No Special Feature,Smooth Asphalt,Piedmont,Urban,20 - 25  MPH,Stop Sign,Clear,No
"35.8756570819, -79.1479027681","{u'type': u'Point', u'coordinates': [-79.14790276810743, 35.87565708190441]}",6648,1729,No,None - Rural Crash,Orange,No,Saturday,12DEC2009,Unusual Circumstances,17,Non-Intersection,December,17:19,Other Unusual Circumstances,23190,2009,K: Killed,"Farms, Woods, Pastures",70+,70+,No,51-55 mph,O: No Injury,Black,Male,Passenger Car,No,No,36,Dark - Roadway Not Lighted,Rural (<30% Developed),-79,2 lanes,2,51-60,60,No,K: Killed,Travel Lane,White,Female,Straight - Level,State Secondary Route,Dry,"Two-Way, Not Divided",None,No Special Feature,Smooth Asphalt,Piedmont,Rural,50 - 55  MPH,"Double Yellow Line, No Passing Zone",Clear,No
"35.9111770923, -79.0723027467","{u'type': u'Point', u'coordinates': [-79.07230274670196, 35.9111770922831]}",9907,26,Yes,Carrboro,Orange,No,Monday,03JAN2011,Crossing Roadway - Vehicle Not Turning,17,Intersection,January,17:37,Pedestrian Failed to Yield,12760,2011,B: Evident Injury,Commercial,40-49,44,No,16-20 mph,O: No Injury,White,Female,Passenger Car,No,No,36,Daylight,Urban (>70% Developed),-79,3 lanes,2,51-60,60,No,B: Evident Injury,Crosswalk Area,White,Male,Straight - Level,Local Street,Dry,"Two-Way, Not Divided",None,Related To Intersection,Smooth Asphalt,Piedmont,Urban,20 - 25  MPH,Stop And Go Signal,Clear,No
"36.0087271175, -78.9438027135","{u'type': u'Point', u'coordinates': [-78.94380271352338, 36.00872711753785]}",4500,1953,Yes,Durham,Durham,No,Thursday,09OCT2008,Dash / Dart-Out,7,Non-Intersection,October,7:38,Dash,23741,2008,B: Evident Injury,Commercial,50-59,52,No,21-25 mph,O: No Injury,White,Male,Pickup,No,No,36,Daylight,Urban (>70% Developed),-79,4 lanes,2,21-25,25,No,B: Evident Injury,Travel Lane,Black,Male,Straight - Level,Local Street,Dry,"Two-Way, Divided, Unprotected Median",None,No Special Feature,Smooth Asphalt,Piedmont,Urban,30 - 35  MPH,No Control Present,Cloudy,No
"35.914272094, -79.0527977412","{u'type': u'Point', u'coordinates': [-79.05279774121936, 35.91427209398484]}",9236,1899,Yes,Chapel Hill,Orange,No,Monday,18OCT2010,Crossing Roadway - Vehicle Turning,10,Intersection,October,10:47,Motorist Left Turn - Parallel Paths,12781,2010,C: Possible Injury,Commercial,40-49,45,No,Unknown,O: No Injury,Black,Male,Pickup,No,No,36,Daylight,Urban (>70% Developed),-79,6 lanes,2,41-50,45,No,C: Possible Injury,Crosswalk Area,White,Female,Straight - Grade,Local Street,Dry,"Two-Way, Not Divided",None,T-Intersection,Smooth Asphalt,Piedmont,Urban,20 - 25  MPH,Stop And Go Signal,Clear,No
"35.9128199997, -79.0567000003","{u'type': u'Point', u'coordinates': [-79.05670000031627, 35.91281999965194]}",14631,,Yes,Chapel Hill,Orange,No,Friday,08NOV2013,Multiple Threat / Trapped,18,Non-Intersection,November,18:09,Multiple Threat,,2013,C: Possible Injury,Commercial,70+,70+,No,0-5 mph,O: No Injury,White,Male,Passenger Car,No,No,36,Dark - Lighted Roadway,Urban (>70% Developed),-79,4 lanes,2,61-79,64,No,C: Possible Injury,Travel Lane,Black,Male,Straight - Level,Local Street,Dry,"Two-Way, Not Divided",None,No Special Feature,Smooth Asphalt,Piedmont,Urban,20 - 25  MPH,No Control Present,Clear,No
"35.9098970922, -79.0753027483","{u'type': u'Point', u'coordinates': [-79.0753027482616, 35.90989709218163]}",1977,1977,Yes,Carrboro,Orange,No,Friday,22JUN2007,Crossing Roadway - Vehicle Not Turning,6,Non-Intersection,June,6:41,Pedestrian Failed to Yield,2760,2007,C: Possible Injury,Residential,0-19,16,No,Unknown,O: No Injury,White,Female,Sport Utility,No,No,36,Daylight,Urban (>70% Developed),-79,2 lanes,2,31-40,40,No,C: Possible Injury,Travel Lane,Black,Male,Straight - Hillcrest,Local Street,Dry,"Two-Way, Divided, Unprotected Median",None,Four-Way Intersection,Smooth Asphalt,Piedmont,Urban,Unknown,Stop Sign,Clear,No
"35.9113070928, -79.0603027437","{u'type': u'Point', u'coordinates': [-79.0603027437327, 35.911307092846755]}",6706,1787,Yes,Chapel Hill,Orange,Yes,Wednesday,02DEC2009,Crossing Roadway - Vehicle Not Turning,23,Non-Intersection,December,23:42,Pedestrian Failed to Yield,23760,2009,B: Evident Injury,Commercial,40-49,40,Yes,21-25 mph,O: No Injury,White,Male,Unknown,No,Yes,36,Dark - Lighted Roadway,Urban (>70% Developed),-79,4 lanes,2,61-79,65,Yes,B: Evident Injury,Travel Lane,Black,Male,Straight - Level,Local Street,Wet,"Two-Way, Divided, Unprotected Median",None,No Special Feature,Smooth Asphalt,Piedmont,Urban,20 - 25  MPH,No Control Present,Cloudy,No
"35.9036070913, -79.0526027403","{u'type': u'Point', u'coordinates': [-79.05260274030283, 35.903607091329164]}",4296,1749,Yes,Chapel Hill,Orange,No,Monday,18FEB2008,Unusual Circumstances,14,Non-Roadway,February,14:38,Motor Vehicle Loss of Control,37150,2008,C: Possible Injury,Institutional,60-69,64,No,0-5 mph,O: No Injury,White,Female,Passenger Car,No,No,36,Daylight,Urban (>70% Developed),-79,2 lanes,3,71+,70+,No,C: Possible Injury,Driveway / Alley,White,Female,Straight - Level,Public Vehicular Area,Dry,"One-Way, Not Divided",None,No Special Feature,Smooth Asphalt,Piedmont,Urban,20 - 25  MPH,Yield Sign,Clear,No
"35.9138970931, -79.0723027468","{u'type': u'Point', u'coordinates': [-79.07230274679605, 35.91389709307942]}",4316,1769,Yes,Carrboro,Orange,No,Friday,05SEP2008,Crossing Roadway - Vehicle Not Turning,14,Intersection,September,14:18,Motorist Failed to Yield,12770,2008,C: Possible Injury,Residential,Unknown,Unknown,Missing,31-35 mph,Unknown Injury,Unknown/Missing,Unknown,Unknown,No,Yes,36,Daylight,Urban (>70% Developed),-79,2 lanes,2,16-20,18,No,C: Possible Injury,Crosswalk Area,Black,Female,Straight - Level,Local Street,Dry,"Two-Way, Not Divided",None,No Special Feature,Smooth Asphalt,Piedmont,Urban,20 - 25  MPH,Other,Cloudy,No
"35.9128770931, -79.0565027421","{u'type': u'Point', u'coordinates': [-79.05650274205965, 35.912877093104676]}",10552,671,Yes,Chapel Hill,Orange,No,Sunday,17APR2011,Crossing Roadway - Vehicle Turning,18,Non-Intersection,April,18:48,Motorist Left Turn - Parallel Paths,23781,2011,C: Possible Injury,Commercial,0-19,17,No,0-5 mph,O: No Injury,White,Male,Passenger Car,No,No,36,Daylight,Urban (>70% Developed),-79,5 lanes,2,31-40,37,No,C: Possible Injury,Travel Lane,White,Female,Straight - Level,Local Street,Dry,"Two-Way, Not Divided",None,No Special Feature,Coarse Asphalt,Piedmont,Urban,20 - 25  MPH,No Control Present,Clear,No
"35.9194870941, -79.0605027445","{u'type': u'Point', u'coordinates': [-79.06050274446869, 35.919487094109854]}",2005,2005,No,Chapel Hill,Orange,No,Saturday,06JAN2007,Backing Vehicle,18,Non-Intersection,January,18:44,Backing Vehicle - Roadway,2213,2007,C: Possible Injury,"Farms, Woods, Pastures",30-39,30,No,6-10 mph,O: No Injury,White,Female,Passenger Car,No,No,36,Dark - Roadway Not Lighted,Urban (>70% Developed),-79,2 lanes,2,Unknown,Unknown,No,C: Possible Injury,Travel Lane,Black,Female,Straight - Grade,Local Street,Dry,"Two-Way, Not Divided",None,"Driveway, Private",Coarse Asphalt,Piedmont,Urban,30 - 35  MPH,No Control Present,Clear,No
"35.9210270982, -78.9564027126","{u'type': u'Point', u'coordinates': [-78.956402712607, 35.921027098226006]}",2009,2009,No,Durham,Durham,No,Thursday,22FEB2007,Off Roadway,21,Non-Roadway,February,21:05,Off Roadway - Parking Lot,3830,2007,O: No Injury,Commercial,40-49,47,No,0-5 mph,O: No Injury,White,Male,Passenger Car,No,No,36,Dark - Lighted Roadway,Urban (>70% Developed),-79,Unknown,2,41-50,47,No,O: No Injury,Non-Roadway - Parking Lot / Other,White,Male,Straight - Level,Local Street,Dry,"Two-Way, Not Divided",None,No Special Feature,Smooth Asphalt,Piedmont,Urban,30 - 35  MPH,No Control Present,Clear,No
"35.9107270925, -79.0723027471","{u'type': u'Point', u'coordinates': [-79.07230274708613, 35.91072709247187]}",6704,1785,Yes,Carrboro,Orange,No,Wednesday,25NOV2009,Crossing Roadway - Vehicle Not Turning,21,Non-Intersection,November,21:53,Motorist Failed to Yield,22770,2009,C: Possible Injury,Commercial,40-49,45,No,11-15 mph,O: No Injury,White,Male,Passenger Car,No,No,36,Dark - Lighted Roadway,Urban (>70% Developed),-79,4 lanes,2,16-20,17,No,C: Possible Injury,Crosswalk Area,Black,Male,Straight - Grade,Local Street,Dry,"Two-Way, Not Divided",None,Other,Smooth Asphalt,Piedmont,Urban,20 - 25  MPH,Stop And Go Signal,Clear,No
"35.9370770999, -79.0154027311","{u'type': u'Point', u'coordinates': [-79.01540273110952, 35.93707709987065]}",6754,1835,Yes,Chapel Hill,Orange,No,Thursday,30JUL2009,Backing Vehicle,14,Non-Roadway,July,14:45,Backing Vehicle - Other / Unknown,38219,2009,C: Possible Injury,Commercial,50-59,56,No,0-5 mph,O: No Injury,Black,Male,Pickup,No,No,36,Daylight,Urban (>70% Developed),-79,Unknown,2,21-25,22,No,C: Possible Injury,Non-Roadway - Parking Lot / Other,Black,Male,Straight - Level,Public Vehicular Area,Dry,"Two-Way, Not Divided",None,"Driveway, Public",Gravel,Piedmont,Urban,5 - 15 MPH,No Control Present,Cloudy,No
"35.9036670949, -78.9491027098","{u'type': u'Point', u'coordinates': [-78.94910270983293, 35.90366709488829]}",9932,51,No,Durham,Durham,No,Saturday,15JAN2011,Backing Vehicle,22,Non-Roadway,January,22:13,Backing Vehicle - Parking Lot,38214,2011,C: Possible Injury,Commercial,30-39,32,No,0-5 mph,O: No Injury,Black,Male,Passenger Car,No,No,36,Dark - Lighted Roadway,Urban (>70% Developed),-79,2 lanes,2,26-30,28,No,C: Possible Injury,Non-Roadway - Parking Lot / Other,White,Female,Straight - Level,Public Vehicular Area,Dry,"Two-Way, Not Divided",None,No Special Feature,Smooth Asphalt,Piedmont,Urban,30 - 35  MPH,No Control Present,Clear,No
"35.9270170972, -79.0281027351","{u'type': u'Point', u'coordinates': [-79.02810273507053, 35.927017097204065]}",10097,216,No,Chapel Hill,Orange,No,Friday,04FEB2011,Off Roadway,1,Non-Roadway,February,1:00,Off Roadway - Parking Lot,38830,2011,C: Possible Injury,Commercial,20-24,22,No,Unknown,O: No Injury,White,Female,Passenger Car,No,No,36,Dark - Lighted Roadway,Urban (>70% Developed),-79,1 lane,2,16-20,19,No,C: Possible Injury,Non-Roadway - Parking Lot / Other,White,Female,Straight - Level,Public Vehicular Area,Unknown,"Two-Way, Not Divided",Unknown,No Special Feature,Smooth Asphalt,Piedmont,Urban,5 - 15 MPH,No Control Present,Clear,No
"35.9639871042, -79.0563027453","{u'type': u'Point', u'coordinates': [-79.05630274531045, 35.96398710416944]}",2090,2090,Yes,Chapel Hill,Orange,Yes,Thursday,27DEC2007,Crossing Roadway - Vehicle Not Turning,23,Intersection-Related,December,23:45,Pedestrian Failed to Yield,4760,2007,C: Possible Injury,Commercial,40-49,47,No,16-20 mph,O: No Injury,White,Male,Sport Utility,No,No,36,Dark - Roadway Not Lighted,Urban (>70% Developed),-79,2 lanes,2,31-40,38,Yes,C: Possible Injury,Travel Lane,White,Female,Straight - Level,Local Street,Dry,"Two-Way, Not Divided",None,T-Intersection,Smooth Asphalt,Piedmont,Urban,30 - 35  MPH,No Control Present,Clear,No
"35.8861770872, -79.0692027453","{u'type': u'Point', u'coordinates': [-79.06920274532519, 35.88617708719568]}",1934,1934,No,Chapel Hill,Orange,No,Sunday,21JAN2007,Crossing Roadway - Vehicle Turning,15,Intersection,January,15:25,Motorist Left Turn - Parallel Paths,1781,2007,C: Possible Injury,Residential,Unknown,Unknown,No,0-5 mph,Unknown Injury,Unknown/Missing,Unknown,Van,No,Yes,36,Daylight,Urban (>70% Developed),-79,2 lanes,2,11-15,13,No,C: Possible Injury,Crosswalk Area,White,Male,Straight - Grade,Local Street,Dry,"Two-Way, Not Divided",None,Four-Way Intersection,Smooth Asphalt,Piedmont,Urban,20 - 25  MPH,Stop Sign,Clear,No
"35.910267092, -79.0727027468","{u'type': u'Point', u'coordinates': [-79.0727027468154, 35.91026709200214]}",11287,1406,Yes,Carrboro,Orange,No,Tuesday,30AUG2011,Crossing Roadway - Vehicle Not Turning,14,Non-Intersection,August,14:19,Pedestrian Failed to Yield,23760,2011,C: Possible Injury,Commercial,25-29,28,No,11-15 mph,O: No Injury,White,Male,Van,No,No,36,Daylight,Urban (>70% Developed),-79,2 lanes,2,41-50,42,No,C: Possible Injury,Travel Lane,Black,Male,Straight - Level,Local Street,Dry,"Two-Way, Not Divided",None,No Special Feature,Smooth Asphalt,Piedmont,Urban,20 - 25  MPH,No Control Present,Clear,No
"35.9705571097, -78.9509027134","{u'type': u'Point', u'coordinates': [-78.95090271340551, 35.97055710967441]}",15425,420,No,Durham,Durham,No,Monday,05MAR2012,Unusual Circumstances,13,Non-Roadway,March,13:52,Vehicle-Vehicle / Object,,2012,,Commercial,Unknown,Unknown,Missing,0-5 mph,Unknown Injury,Unknown/Missing,Unknown,Passenger Car,No,No,36,Daylight,Urban (>70% Developed),-79,2 lanes,3,31-40,36,No,C: Possible Injury,Non-Roadway - Parking Lot / Other,Asian,Male,Straight - Level,Public Vehicular Area,Dry,"Two-Way, Not Divided",None,No Special Feature,Smooth Asphalt,Piedmont,Urban,5 - 15 MPH,No Control Present,Clear,No
"35.9275270964, -79.053902742","{u'type': u'Point', u'coordinates': [-79.05390274198308, 35.927527096359405]}",15554,549,No,Chapel Hill,Orange,No,Thursday,01MAR2012,Crossing Roadway - Vehicle Turning,19,Intersection,March,19:23,Motorist Right Turn - Perpendicular Paths,,2012,,Residential,20-24,22,No,0-5 mph,O: No Injury,White,Male,Passenger Car,No,No,36,Dark - Lighted Roadway,Urban (>70% Developed),-79,2 lanes,2,21-25,21,No,C: Possible Injury,Crosswalk Area,White,Female,Straight - Hillcrest,Local Street,Dry,"Two-Way, Divided, Unprotected Median",None,No Special Feature,Smooth Asphalt,Piedmont,Urban,20 - 25  MPH,Stop Sign,Clear,No
"35.9522500002, -78.9956000003","{u'type': u'Point', u'coordinates': [-78.99560000034687, 35.952250000202056]}",12552,,Yes,Durham,Durham,No,Monday,18FEB2013,Unusual Circumstances,22,Non-Intersection,February,22:54,Vehicle-Vehicle / Object,,2013,B: Evident Injury,Commercial,25-29,28,No,36-40 mph,O: No Injury,White,Male,Passenger Car,No,No,36,Dark - Roadway Not Lighted,Urban (>70% Developed),-79,6 lanes,3,41-50,50,No,B: Evident Injury,Travel Lane,White,Female,Straight - Level,Local Street,Dry,"Two-Way, Divided, Unprotected Median",None,No Special Feature,Coarse Asphalt,Piedmont,Urban,40 - 45  MPH,No Control Present,Clear,No
"35.9613999998, -78.9770999996","{u'type': u'Point', u'coordinates': [-78.97709999956813, 35.96139999979988]}",12606,,Yes,Durham,Durham,No,Monday,25FEB2013,Crossing Roadway - Vehicle Not Turning,8,Intersection,February,8:57,Pedestrian Failed to Yield,,2013,A: Disabling Injury,Commercial,50-59,55,No,11-15 mph,O: No Injury,White,Male,Van,No,No,36,Daylight,Urban (>70% Developed),-79,5 lanes,2,31-40,37,No,A: Disabling Injury,Crosswalk Area,Hispanic,Female,Straight - Level,Local Street,Dry,"Two-Way, Divided, Positive Median Barrier",None,Four-Way Intersection,Smooth Asphalt,Piedmont,Urban,40 - 45  MPH,Stop And Go Signal,Clear,No
"35.9528171042, -78.9945027258","{u'type': u'Point', u'coordinates': [-78.99450272575328, 35.95281710424306]}",10117,236,Yes,Durham,Durham,Yes,Sunday,20FEB2011,Crossing Roadway - Vehicle Not Turning,19,Intersection-Related,February,19:37,Pedestrian Failed to Yield,43760,2011,C: Possible Injury,Commercial,Unknown,Unknown,Missing,31-35 mph,Unknown Injury,Unknown/Missing,Unknown,Sport Utility,No,Yes,36,Dark - Lighted Roadway,Urban (>70% Developed),-79,4 lanes,2,41-50,47,Yes,C: Possible Injury,Travel Lane,White,Male,Straight - Level,Local Street,Dry,"Two-Way, Not Divided",None,No Special Feature,Smooth Asphalt,Piedmont,Urban,30 - 35  MPH,Stop And Go Signal,Clear,No
"35.93987, -79.1379000002","{u'type': u'Point', u'coordinates': [-79.13790000016282, 35.9398699999745]}",14556,,Yes,None - Rural Crash,Orange,No,Tuesday,19NOV2013,Walking Along Roadway,18,Non-Intersection,November,18:20,Walking Along Roadway With Traffic - From Behind,,2013,K: Killed,"Farms, Woods, Pastures",20-24,22,No,41-45 mph,O: No Injury,White,Female,Passenger Car,No,No,36,Dark - Roadway Not Lighted,Rural (<30% Developed),-79,2 lanes,2,16-20,19,No,K: Killed,Travel Lane,Black,Male,Straight - Level,State Secondary Route,Dry,"Two-Way, Not Divided",None,No Special Feature,Smooth Asphalt,Piedmont,Rural,40 - 45  MPH,"Double Yellow Line, No Passing Zone",Clear,No
"35.9174270929, -79.0966027551","{u'type': u'Point', u'coordinates': [-79.09660275506086, 35.91742709287345]}",17655,2650,No,Carrboro,Orange,No,Wednesday,21NOV2012,Off Roadway,15,Non-Roadway,November,15:19,Off Roadway - Parking Lot,,2012,,Commercial,40-49,48,No,0-5 mph,O: No Injury,White,Female,Passenger Car,No,No,36,Daylight,Urban (>70% Developed),-79,2 lanes,2,41-50,44,No,C: Possible Injury,Non-Roadway - Parking Lot / Other,Black,Male,Straight - Level,NC Route,Dry,"Two-Way, Not Divided",None,No Special Feature,Smooth Asphalt,Piedmont,Urban,5 - 15 MPH,No Control Present,Clear,No
"35.9543671044, -78.9988027277","{u'type': u'Point', u'coordinates': [-78.99880272766596, 35.954367104448565]}",6783,1864,No,Durham,Durham,No,Thursday,13AUG2009,Backing Vehicle,19,Non-Roadway,August,19:00,Backing Vehicle - Parking Lot,38214,2009,O: No Injury,Residential,30-39,38,Missing,0-5 mph,O: No Injury,Hispanic,Female,Passenger Car,No,No,36,Daylight,Urban (>70% Developed),-79,2 lanes,2,31-40,36,No,O: No Injury,Non-Roadway - Parking Lot / Other,Black,Female,Straight - Level,Public Vehicular Area,Dry,"Two-Way, Not Divided",None,No Special Feature,Coarse Asphalt,Piedmont,Urban,5 - 15 MPH,No Control Present,Clear,No
"36.0074571175, -78.946402714","{u'type': u'Point', u'coordinates': [-78.94640271399692, 36.00745711747889]}",6888,1969,Yes,Durham,Durham,No,Thursday,31DEC2009,Crossing Roadway - Vehicle Turning,17,Intersection,December,17:50,Motorist Left Turn - Parallel Paths,12781,2009,B: Evident Injury,Commercial,30-39,39,No,11-15 mph,O: No Injury,Asian,Female,Passenger Car,No,No,36,Dark - Lighted Roadway,Urban (>70% Developed),-79,5 lanes,2,31-40,35,No,B: Evident Injury,Crosswalk Area,Asian,Female,Straight - Level,Local Street,Wet,"Two-Way, Not Divided",None,No Special Feature,Smooth Asphalt,Piedmont,Urban,30 - 35  MPH,Stop And Go Signal,Rain,No
"35.9638500001, -78.9595000001","{u'type': u'Point', u'coordinates': [-78.95950000008696, 35.96385000013829]}",14446,,Yes,Durham,Durham,No,Monday,11NOV2013,Crossing Roadway - Vehicle Turning,15,Intersection,November,15:42,Motorist Left Turn - Parallel Paths,,2013,C: Possible Injury,Residential,Unknown,Unknown,Missing,16-20 mph,Unknown Injury,Unknown/Missing,Unknown,Sport Utility,No,Yes,36,Daylight,Urban (>70% Developed),-79,8 lanes,3,21-25,23,No,C: Possible Injury,Crosswalk Area,Black,Female,Straight - Grade,Local Street,Dry,"Two-Way, Not Divided",None,No Special Feature,Smooth Asphalt,Piedmont,Urban,30 - 35  MPH,Stop And Go Signal,Clear,No