Geo Point,Geo Shape,objectid_1,objectid,Ambulance,City,County,crashalcoh,Day of Week,Date,Cause of Crash,Hour of Crash,Location of Crash,Crash Month,Crash Time,Crash Type,crash_ty_1,Crash Year,crsh_sevri,Development,drvrage_gr,Driver Age,drvr_alc_d,drvr_estep,Driver Injury,Driver Race,Driver Sex,Vehicle Type,excsspdind,Hit and Run,latitude,Light Conditions,Locality,longitude,Number of Lanes,Number of Units,Pedestrian Age Group,Pedestrian Age,ped_alc_dr,Pedestrian Injury,Pedestrian Position,Pedestrian Race,Pedestrian Sex,Road Characteristic,Road Class,rd_conditi,Road Configuration,Road Defects,Road Feature,Road Surface,Region,Rural/Urban,Speed Limit,Traffic Control,Weather,Workzone
"36.0031871161, -78.9513027151","{u'type': u'Point', u'coordinates': [-78.95130271506483, 36.00318711608384]}",2164,2164,Yes,Durham,Durham,No,Tuesday,01MAY2007,Crossing Roadway - Vehicle Turning,9,Intersection,May,9:57,Motorist Left Turn - Parallel Paths,1781,2007,B: Evident Injury,Commercial,70+,70+,No,31-35 mph,O: No Injury,Black,Male,Passenger Car,No,No,36,Daylight,Urban (>70% Developed),-79,5 lanes,2,41-50,43,No,B: Evident Injury,Crosswalk Area,Black,Female,Straight - Level,Local Street,Dry,"Two-Way, Not Divided",None,No Special Feature,Coarse Asphalt,Piedmont,Urban,30 - 35  MPH,Stop And Go Signal,Clear,No
"35.910640092, -79.0696127459","{u'type': u'Point', u'coordinates': [-79.06961274590283, 35.910640091993656]}",9225,1888,Yes,Carrboro,Orange,Yes,Sunday,10OCT2010,Dash / Dart-Out,2,Non-Intersection,October,2:28,Dash,23741,2010,B: Evident Injury,Commercial,30-39,31,No,16-20 mph,O: No Injury,White,Female,Passenger Car,No,No,36,Dark - Lighted Roadway,Urban (>70% Developed),-79,4 lanes,2,21-25,24,Yes,B: Evident Injury,Travel Lane,White,Female,Straight - Level,Local Street,Dry,"Two-Way, Not Divided",None,Railroad Crossing,Coarse Asphalt,Piedmont,Urban,20 - 25  MPH,No Control Present,Clear,No
"35.9145670939, -79.0564027427","{u'type': u'Point', u'coordinates': [-79.05640274274103, 35.91456709393685]}",9237,1900,Yes,Chapel Hill,Orange,No,Wednesday,12MAY2010,Unusual Circumstances,13,Non-Roadway,May,13:50,Assault with Vehicle,38110,2010,B: Evident Injury,Commercial,25-29,26,No,11-15 mph,O: No Injury,White,Male,Unknown,No,Yes,36,Daylight,Urban (>70% Developed),-79,Unknown,2,51-60,51,No,B: Evident Injury,Non-Roadway - Parking Lot / Other,Black,Male,Straight - Grade,Public Vehicular Area,Dry,"One-Way, Not Divided",None,No Special Feature,Smooth Asphalt,Piedmont,Urban,Unknown,No Control Present,Clear,No
"35.9544971044, -78.9984027267","{u'type': u'Point', u'coordinates': [-78.99840272670156, 35.954497104360925]}",16060,1055,No,Durham,Durham,No,Tuesday,15MAY2012,Backing Vehicle,0,Non-Roadway,May,0:00,Backing Vehicle - Parking Lot,,2012,,Commercial,Unknown,Unknown,Missing,0-5 mph,Unknown Injury,Unknown/Missing,Unknown,Passenger Car,No,Yes,36,Dark - Lighted Roadway,Urban (>70% Developed),-79,2 lanes,2,31-40,31,No,C: Possible Injury,Non-Roadway - Parking Lot / Other,Black,Male,Straight - Level,Public Vehicular Area,Dry,"Two-Way, Not Divided",None,"Driveway, Public",Smooth Asphalt,Piedmont,Urban,5 - 15 MPH,No Control Present,Clear,No
"35.9547671047, -78.9901027252","{u'type': u'Point', u'coordinates': [-78.99010272516938, 35.95476710465964]}",2070,2070,Yes,Durham,Durham,Yes,Sunday,10JUN2007,Unusual Circumstances,3,Non-Intersection,June,3:22,Pedestrian Loss of Control,2160,2007,C: Possible Injury,Commercial,30-39,36,No,56-60 mph,O: No Injury,Black,Male,Passenger Car,No,No,36,Dark - Lighted Roadway,Urban (>70% Developed),-79,4 lanes,2,26-30,26,Yes,C: Possible Injury,Travel Lane,Hispanic,Male,Straight - Grade,Local Street,Wet,"Two-Way, Divided, Positive Median Barrier",None,No Special Feature,Coarse Asphalt,Piedmont,Urban,50 - 55  MPH,No Control Present,Clear,No
"35.910110092, -79.0735527478","{u'type': u'Point', u'coordinates': [-79.07355274776053, 35.91011009203648]}",9223,1886,Yes,Carrboro,Orange,Yes,Sunday,24JAN2010,Crossing Roadway - Vehicle Not Turning,17,Non-Intersection,January,17:54,Pedestrian Failed to Yield,23760,2010,A: Disabling Injury,Commercial,0-19,19,Yes,26-30 mph,O: No Injury,White,Male,Passenger Car,No,No,36,Dark - Lighted Roadway,Urban (>70% Developed),-79,2 lanes,2,31-40,40,No,A: Disabling Injury,Travel Lane,Black,Male,Straight - Level,Local Street,Wet,"Two-Way, Not Divided",Unknown,No Special Feature,Smooth Asphalt,Piedmont,Urban,20 - 25  MPH,"Double Yellow Line, No Passing Zone","Snow, Sleet, Hail, Freezing Rain/Drizzle",No
"35.9143470935, -79.0530027416","{u'type': u'Point', u'coordinates': [-79.05300274157686, 35.914347093459895]}",6712,1793,Yes,Chapel Hill,Orange,Yes,Sunday,28JUN2009,Crossing Roadway - Vehicle Not Turning,2,Intersection,June,2:00,Motorist Failed to Yield,12770,2009,C: Possible Injury,Industrial,0-19,16,No,0-5 mph,O: No Injury,Black,Female,Passenger Car,No,No,36,Dark - Lighted Roadway,Urban (>70% Developed),-79,4 lanes,2,21-25,21,Yes,C: Possible Injury,Crosswalk Area,White,Female,Straight - Level,Local Street,Dry,"Two-Way, Divided, Unprotected Median",None,No Special Feature,Concrete,Piedmont,Urban,20 - 25  MPH,Stop And Go Signal,Clear,No
"35.9165270939, -79.0498027405","{u'type': u'Point', u'coordinates': [-79.04980274049532, 35.91652709393606]}",1999,1999,Yes,Chapel Hill,Orange,No,Thursday,08FEB2007,Crossing Roadway - Vehicle Turning,12,Intersection,February,12:07,Motorist Right Turn on Red - Perpendicular Paths,1794,2007,C: Possible Injury,Residential,25-29,29,No,0-5 mph,O: No Injury,Black,Female,Passenger Car,No,No,36,Daylight,Urban (>70% Developed),-79,2 lanes,2,16-20,19,No,C: Possible Injury,Crosswalk Area,Asian,Female,Straight - Level,Local Street,Dry,"Two-Way, Not Divided",None,Four-Way Intersection,Smooth Asphalt,Piedmont,Urban,20 - 25  MPH,Stop And Go Signal,Clear,No
"35.9174870927, -79.0941027537","{u'type': u'Point', u'coordinates': [-79.0941027537192, 35.91748709274835]}",6720,1801,Yes,Carrboro,Orange,No,Sunday,18JAN2009,Crossing Roadway - Vehicle Turning,19,Intersection,January,19:56,Motorist Left Turn - Parallel Paths,12781,2009,C: Possible Injury,Commercial,20-24,20,No,6-10 mph,O: No Injury,White,Male,Passenger Car,No,No,36,Dark - Lighted Roadway,Urban (>70% Developed),-79,4 lanes,2,16-20,20,No,C: Possible Injury,Crosswalk Area,White,Male,Straight - Level,NC Route,Dry,"Two-Way, Divided, Unprotected Median",None,Four-Way Intersection,Smooth Asphalt,Piedmont,Urban,40 - 45  MPH,Stop And Go Signal,Clear,No
"35.9362070992, -79.0245027343","{u'type': u'Point', u'coordinates': [-79.02450273432385, 35.936207099171185]}",6752,1833,Yes,Chapel Hill,Orange,No,Friday,09JAN2009,Off Roadway,14,Non-Roadway,January,14:30,Off Roadway - Parking Lot,38830,2009,A: Disabling Injury,Commercial,60-69,63,No,0-5 mph,O: No Injury,White,Female,Sport Utility,No,No,36,Daylight,Urban (>70% Developed),-79,Unknown,2,71+,70+,No,A: Disabling Injury,Non-Roadway - Parking Lot / Other,White,Female,Straight - Level,Public Vehicular Area,Dry,"Two-Way, Not Divided",None,"Driveway, Public",Smooth Asphalt,Piedmont,Urban,5 - 15 MPH,Other,Clear,No
"35.963897104, -79.0508027433","{u'type': u'Point', u'coordinates': [-79.05080274334023, 35.963897104002]}",2088,2088,Yes,Chapel Hill,Orange,No,Saturday,16JUN2007,Pedestrian in Roadway - Circumstances Unknown,23,Non-Intersection,June,23:54,Walking in Roadway,2620,2007,B: Evident Injury,Commercial,50-59,54,No,31-35 mph,O: No Injury,Asian,Male,Passenger Car,No,No,36,Dark - Roadway Not Lighted,Mixed (30% To 70% Developed),-79,3 lanes,2,31-40,38,No,B: Evident Injury,Travel Lane,Black,Female,Straight - Level,Local Street,Dry,"Two-Way, Not Divided",None,No Special Feature,Smooth Asphalt,Piedmont,Urban,30 - 35  MPH,No Control Present,Clear,No
"35.9038399997, -79.0525999995","{u'type': u'Point', u'coordinates': [-79.05259999948329, 35.903839999684024]}",12365,,Yes,Chapel Hill,Orange,No,Friday,11JAN2013,Crossing Roadway - Vehicle Not Turning,12,Intersection-Related,January,12:24,Pedestrian Failed to Yield,,2013,B: Evident Injury,Institutional,40-49,47,No,6-10 mph,O: No Injury,Black,Female,Passenger Car,No,No,36,Daylight,Urban (>70% Developed),-79,2 lanes,2,21-25,24,No,B: Evident Injury,Travel Lane,White,Female,Straight - Level,Local Street,Wet,"Two-Way, Not Divided",None,No Special Feature,Coarse Asphalt,Piedmont,Urban,20 - 25  MPH,No Control Present,Cloudy,No
"36.0108271186, -78.9430027134","{u'type': u'Point', u'coordinates': [-78.94300271344261, 36.01082711855384]}",11159,1278,No,Durham,Durham,No,Friday,15JUL2011,Off Roadway,13,Non-Roadway,July,13:00,Off Roadway - Parking Lot,38830,2011,B: Evident Injury,Residential,Unknown,Unknown,Missing,6-10 mph,Unknown Injury,Unknown/Missing,Unknown,Passenger Car,No,Yes,36,Daylight,Urban (>70% Developed),-79,2 lanes,2,51-60,56,No,B: Evident Injury,Non-Roadway - Parking Lot / Other,Native American,Female,Straight - Level,Public Vehicular Area,Dry,"Two-Way, Not Divided",None,No Special Feature,Smooth Asphalt,Piedmont,Urban,5 - 15 MPH,No Control Present,Clear,No
"35.9596771065, -78.9640027166","{u'type': u'Point', u'coordinates': [-78.9640027165795, 35.95967710653862]}",2077,2077,Yes,Durham,Durham,No,Monday,05MAR2007,Crossing Roadway - Vehicle Not Turning,16,Non-Intersection,March,16:34,Pedestrian Failed to Yield,2760,2007,C: Possible Injury,Commercial,20-24,22,No,31-35 mph,O: No Injury,Hispanic,Male,Passenger Car,No,No,36,Daylight,Urban (>70% Developed),-79,2 lanes,2,31-40,37,No,C: Possible Injury,Travel Lane,White,Male,Straight - Level,Local Street,Dry,"Two-Way, Divided, Positive Median Barrier",None,No Special Feature,Smooth Asphalt,Piedmont,Urban,30 - 35  MPH,Stop And Go Signal,Clear,No
"35.9286070966, -79.061102745","{u'type': u'Point', u'coordinates': [-79.06110274499211, 35.9286070966166]}",4339,1792,Yes,Chapel Hill,Orange,No,Friday,15FEB2008,Dash / Dart-Out,17,Non-Intersection,February,17:37,Dash,23741,2008,A: Disabling Injury,Residential,30-39,37,No,21-25 mph,O: No Injury,Black,Female,Passenger Car,No,No,36,Dusk,Urban (>70% Developed),-79,2 lanes,2,6-10,7,No,A: Disabling Injury,Travel Lane,White,Male,Straight - Grade,Local Street,Dry,"Two-Way, Divided, Unprotected Median",None,"Driveway, Private",Smooth Asphalt,Piedmont,Urban,20 - 25  MPH,No Control Present,Clear,No
"35.8515570812, -79.0264027299","{u'type': u'Point', u'coordinates': [-79.02640272987107, 35.85155708122855]}",4233,1686,Yes,None - Rural Crash,Chatham,Yes,Thursday,31JAN2008,Walking Along Roadway,0,Intersection-Related,January,0:05,Walking Along Roadway With Traffic - From Behind,43410,2008,K: Killed,Residential,25-29,28,No,51-55 mph,O: No Injury,Hispanic,Male,Passenger Car,Yes,No,36,Dark - Roadway Not Lighted,Rural (<30% Developed),-79,2 lanes,2,26-30,30,Yes,K: Killed,Travel Lane,Black,Male,Straight - Level,State Secondary Route,Dry,"Two-Way, Not Divided",None,Four-Way Intersection,Coarse Asphalt,Piedmont,Rural,40 - 45  MPH,"Double Yellow Line, No Passing Zone",Clear,No
"35.9099670923, -79.055302742","{u'type': u'Point', u'coordinates': [-79.0553027419725, 35.90996709233638]}",6702,1783,No,Chapel Hill,Orange,No,Monday,26JAN2009,Crossing Roadway - Vehicle Turning,14,Non-Intersection,January,14:09,Motorist Left Turn - Parallel Paths,25781,2009,B: Evident Injury,Institutional,Unknown,Unknown,No,6-10 mph,Unknown Injury,Unknown/Missing,Unknown,Unknown,No,Yes,36,Daylight,Urban (>70% Developed),-79,2 lanes,2,31-40,35,No,B: Evident Injury,Sidewalk / Shared Use Path / Driveway Crossing,White,Male,Straight - Grade,Local Street,Dry,"One-Way, Not Divided",None,No Special Feature,Smooth Asphalt,Piedmont,Urban,20 - 25  MPH,No Control Present,Clear,No
"36.009113118, -78.9443827141","{u'type': u'Point', u'coordinates': [-78.94438271411451, 36.00911311795554]}",9416,2079,No,Durham,Durham,No,Thursday,04NOV2010,Backing Vehicle,18,Non-Roadway,November,18:30,Backing Vehicle - Parking Lot,38214,2010,C: Possible Injury,Commercial,25-29,27,No,Unknown,Unknown Injury,White,Male,Sport Utility,No,No,36,Unknown,Urban (>70% Developed),-79,Unknown,2,26-30,26,No,C: Possible Injury,Non-Roadway - Parking Lot / Other,White,Male,Straight - Grade,Public Vehicular Area,Unknown,"One-Way, Not Divided",None,No Special Feature,Coarse Asphalt,Piedmont,Urban,5 - 15 MPH,No Control Present,Rain,No
"35.9672871085, -78.9569027152","{u'type': u'Point', u'coordinates': [-78.95690271523675, 35.96728710851533]}",16938,1933,Yes,Durham,Durham,No,Tuesday,18SEP2012,Off Roadway,12,Non-Roadway,September,12:56,Off Roadway - Parking Lot,,2012,,Commercial,70+,70+,No,0-5 mph,O: No Injury,White,Female,Sport Utility,No,No,36,Daylight,Urban (>70% Developed),-79,2 lanes,2,41-50,41,No,C: Possible Injury,Non-Roadway - Parking Lot / Other,Black,Male,Straight - Level,Public Vehicular Area,Wet,"Two-Way, Not Divided",None,No Special Feature,Smooth Asphalt,Piedmont,Urban,5 - 15 MPH,No Control Present,Cloudy,No
"35.9443670995, -79.0580027449","{u'type': u'Point', u'coordinates': [-79.05800274493775, 35.944367099531476]}",16290,1285,Yes,Chapel Hill,Orange,No,Friday,08JUN2012,Crossing Roadway - Vehicle Not Turning,19,Non-Intersection,June,19:16,Pedestrian Failed to Yield,,2012,,Residential,25-29,26,No,31-35 mph,O: No Injury,Asian,Male,Passenger Car,No,No,36,Dusk,Urban (>70% Developed),-79,5 lanes,2,31-40,34,No,B: Evident Injury,Travel Lane,Black,Female,Straight - Grade,Local Street,Dry,"Two-Way, Not Divided",None,No Special Feature,Smooth Asphalt,Piedmont,Urban,30 - 35  MPH,Stop And Go Signal,Clear,No
"35.9639771049, -79.0431027411","{u'type': u'Point', u'coordinates': [-79.04310274110027, 35.963977104884606]}",11997,2116,No,Chapel Hill,Orange,No,Monday,14NOV2011,Walking Along Roadway,11,Non-Intersection,November,11:15,Walking Along Roadway Against Traffic - From Front,23440,2011,C: Possible Injury,Residential,70+,70+,No,21-25 mph,O: No Injury,White,Male,Passenger Car,No,No,36,Daylight,Urban (>70% Developed),-79,2 lanes,2,41-50,49,No,C: Possible Injury,Travel Lane,Black,Female,Straight - Level,Local Street,Dry,"Two-Way, Not Divided",None,No Special Feature,Smooth Asphalt,Piedmont,Urban,30 - 35  MPH,"Double Yellow Line, No Passing Zone",Clear,No
"35.8461170771, -79.1148027567","{u'type': u'Point', u'coordinates': [-79.11480275674745, 35.84611707706575]}",15599,594,Yes,None - Rural Crash,Chatham,No,Saturday,24MAR2012,Pedestrian in Roadway - Circumstances Unknown,21,Non-Intersection,March,21:29,Walking in Roadway,,2012,,Residential,0-19,19,No,41-45 mph,O: No Injury,White,Male,Passenger Car,No,No,36,Dark - Roadway Not Lighted,Rural (<30% Developed),-79,2 lanes,2,21-25,24,No,B: Evident Injury,Travel Lane,Black,Male,Straight - Level,State Secondary Route,Wet,"Two-Way, Not Divided",None,No Special Feature,Smooth Asphalt,Piedmont,Rural,40 - 45  MPH,No Control Present,Rain,No
"35.9036470919, -79.0465027385","{u'type': u'Point', u'coordinates': [-79.0465027385319, 35.90364709187124]}",1961,1961,No,Chapel Hill,Orange,No,Wednesday,17OCT2007,Crossing Roadway - Vehicle Turning,10,Intersection,October,10:18,Motorist Left Turn - Parallel Paths,1781,2007,O: No Injury,Institutional,Unknown,Unknown,Missing,0-5 mph,Unknown Injury,Unknown/Missing,Unknown,Unknown,No,Yes,36,Daylight,Urban (>70% Developed),-79,2 lanes,2,21-25,22,No,O: No Injury,Crosswalk Area,White,Female,Straight - Bottom,Local Street,Dry,"Two-Way, Not Divided",None,No Special Feature,Coarse Asphalt,Piedmont,Urban,20 - 25  MPH,Stop And Go Signal,Clear,No
"36.007517117, -78.9463027146","{u'type': u'Point', u'coordinates': [-78.94630271455316, 36.00751711704776]}",11970,2089,Yes,Durham,Durham,No,Sunday,04DEC2011,Crossing Driveway or Alley,21,Non-Intersection,December,21:22,Motorist Exiting Driveway or Alley,25465,2011,B: Evident Injury,Commercial,0-19,19,No,11-15 mph,O: No Injury,Black,Male,Passenger Car,No,No,36,Dark - Lighted Roadway,Urban (>70% Developed),-79,4 lanes,2,31-40,31,No,B: Evident Injury,Sidewalk / Shared Use Path / Driveway Crossing,White,Male,Straight - Level,Local Street,Dry,"Two-Way, Not Divided",None,No Special Feature,Smooth Asphalt,Piedmont,Urban,5 - 15 MPH,Stop Sign,Clear,No
"35.910827093, -79.0544027422","{u'type': u'Point', u'coordinates': [-79.05440274217851, 35.91082709300719]}",6705,1786,Yes,Chapel Hill,Orange,No,Thursday,19MAR2009,Crossing Roadway - Vehicle Turning,21,Intersection-Related,March,21:58,Motorist Left Turn - Parallel Paths,42781,2009,B: Evident Injury,Institutional,0-19,19,No,0-5 mph,O: No Injury,White,Male,Passenger Car,No,No,36,Dark - Lighted Roadway,Urban (>70% Developed),-79,4 lanes,2,16-20,20,No,B: Evident Injury,Crosswalk Area,White,Female,Straight - Level,Local Street,Wet,"Two-Way, Not Divided",None,Related To Intersection,Coarse Asphalt,Piedmont,Urban,20 - 25  MPH,Stop And Go Signal,Rain,No
"35.9101799998, -79.0466000001","{u'type': u'Point', u'coordinates': [-79.04660000013048, 35.91017999981584]}",14953,,Yes,Chapel Hill,Orange,No,Wednesday,04DEC2013,Crossing Roadway - Vehicle Turning,18,Non-Intersection,December,18:56,Motorist Right Turn - Parallel Paths,,2013,B: Evident Injury,Institutional,20-24,20,No,26-30 mph,O: No Injury,White,Male,Passenger Car,No,No,36,Dark - Lighted Roadway,Urban (>70% Developed),-79,3 lanes,2,16-20,19,No,B: Evident Injury,Travel Lane,White,Female,Straight - Level,Local Street,Dry,"Two-Way, Not Divided",None,No Special Feature,Coarse Asphalt,Piedmont,Urban,20 - 25  MPH,No Control Present,Cloudy,No
"35.9251470963, -79.0540027427","{u'type': u'Point', u'coordinates': [-79.05400274265747, 35.92514709634282]}",2019,2019,No,Chapel Hill,Orange,No,Saturday,21APR2007,Crossing Roadway - Vehicle Turning,18,Intersection,April,18:56,Motorist Right Turn on Red - Parallel Paths,1792,2007,C: Possible Injury,Commercial,40-49,48,No,6-10 mph,O: No Injury,White,Male,Passenger Car,No,No,36,Daylight,Urban (>70% Developed),-79,2 lanes,2,41-50,50,No,C: Possible Injury,Crosswalk Area,White,Male,Straight - Hillcrest,Local Street,Dry,"Two-Way, Divided, Unprotected Median",None,No Special Feature,Smooth Asphalt,Piedmont,Urban,30 - 35  MPH,Stop And Go Signal,Clear,No
"35.9025870901, -79.0774027479","{u'type': u'Point', u'coordinates': [-79.0774027479094, 35.90258709006761]}",4293,1746,Yes,Carrboro,Orange,No,Saturday,30AUG2008,Crossing Roadway - Vehicle Not Turning,10,Non-Intersection,August,10:40,Pedestrian Failed to Yield,23760,2008,B: Evident Injury,Residential,70+,70+,No,31-35 mph,O: No Injury,White,Male,Sport Utility,No,No,36,Daylight,Urban (>70% Developed),-79,4 lanes,2,31-40,34,No,B: Evident Injury,Travel Lane,Asian,Female,Straight - Level,NC Route,Dry,"Two-Way, Divided, Unprotected Median",None,No Special Feature,Coarse Asphalt,Piedmont,Urban,40 - 45  MPH,No Control Present,Clear,No
"35.9102900002, -79.0724000002","{u'type': u'Point', u'coordinates': [-79.07240000021984, 35.91029000016746]}",14959,,No,Carrboro,Orange,No,Tuesday,31DEC2013,Crossing Roadway - Vehicle Turning,18,Intersection,December,18:40,Motorist Left Turn - Parallel Paths,,2013,O: No Injury,Commercial,50-59,59,No,0-5 mph,O: No Injury,White,Male,Passenger Car,No,No,36,Dark - Lighted Roadway,Urban (>70% Developed),-79,3 lanes,2,Unknown,0,No,Unknown Injury,Crosswalk Area,Unknown/Missing,Unknown,Straight - Level,Local Street,Dry,"Two-Way, Not Divided",None,Related To Intersection,Smooth Asphalt,Piedmont,Urban,20 - 25  MPH,Stop And Go Signal,Clear,No
"35.9548571048, -78.9933027252","{u'type': u'Point', u'coordinates': [-78.99330272516266, 35.95485710477256]}",10760,879,No,Durham,Durham,No,Friday,27MAY2011,Off Roadway,9,Non-Roadway,May,9:33,Off Roadway - Parking Lot,38830,2011,C: Possible Injury,Commercial,20-24,24,No,11-15 mph,C: Possible Injury,White,Female,Passenger Car,No,No,36,Daylight,Rural (<30% Developed),-79,2 lanes,2,26-30,30,No,C: Possible Injury,Non-Roadway - Parking Lot / Other,White,Female,Curve - Level,Public Vehicular Area,Wet,"Two-Way, Not Divided",None,No Special Feature,Coarse Asphalt,Piedmont,Urban,5 - 15 MPH,No Control Present,Rain,No
"35.9067300907, -79.0836327505","{u'type': u'Point', u'coordinates': [-79.0836327504761, 35.90673009067997]}",9218,1881,Yes,Carrboro,Orange,Yes,Friday,05FEB2010,Crossing Roadway - Vehicle Not Turning,18,Non-Intersection,February,18:19,Pedestrian Failed to Yield,23760,2010,B: Evident Injury,Residential,0-19,19,No,31-35 mph,O: No Injury,White,Female,Passenger Car,No,No,36,Dark - Lighted Roadway,Urban (>70% Developed),-79,4 lanes,2,41-50,43,Yes,B: Evident Injury,Travel Lane,Black,Male,Straight - Grade,Local Street,Wet,"Two-Way, Not Divided",None,No Special Feature,Smooth Asphalt,Piedmont,Urban,30 - 35  MPH,No Control Present,Rain,No
"35.9107970924, -79.066802745","{u'type': u'Point', u'coordinates': [-79.06680274497839, 35.910797092399356]}",15935,930,Yes,Carrboro,Orange,No,Wednesday,02MAY2012,Backing Vehicle,11,Non-Roadway,May,11:34,Backing Vehicle - Parking Lot,,2012,,Commercial,30-39,33,No,0-5 mph,O: No Injury,White,Male,Passenger Car,No,No,36,Daylight,Urban (>70% Developed),-79,Unknown,2,41-50,46,No,C: Possible Injury,Non-Roadway - Parking Lot / Other,White,Male,Straight - Level,Public Vehicular Area,Dry,"Two-Way, Not Divided",None,"Driveway, Public",Smooth Asphalt,Piedmont,Urban,30 - 35  MPH,No Control Present,Clear,No
"35.9036370913, -79.0463027384","{u'type': u'Point', u'coordinates': [-79.04630273842707, 35.903637091342404]}",15927,922,Yes,Chapel Hill,Orange,No,Wednesday,11APR2012,Crossing Roadway - Vehicle Turning,18,Intersection,April,18:36,Motorist Left Turn - Parallel Paths,,2012,,Institutional,Unknown,Unknown,Missing,6-10 mph,Unknown Injury,Unknown/Missing,Unknown,Unknown,No,Yes,36,Daylight,Urban (>70% Developed),-79,5 lanes,2,16-20,19,No,B: Evident Injury,Crosswalk Area,White,Male,Straight - Level,Local Street,Dry,"Two-Way, Not Divided",None,No Special Feature,Smooth Asphalt,Piedmont,Urban,20 - 25  MPH,Stop And Go Signal,Clear,No
"35.9627171074, -78.9551027148","{u'type': u'Point', u'coordinates': [-78.95510271481409, 35.962717107404984]}",2085,2085,Yes,Durham,Durham,No,Thursday,25OCT2007,Off Roadway,22,Non-Roadway,October,22:26,Off Roadway - Parking Lot,3830,2007,C: Possible Injury,Residential,30-39,34,No,0-5 mph,O: No Injury,Hispanic,Male,Sport Utility,No,No,36,Dark - Lighted Roadway,Urban (>70% Developed),-79,Unknown,2,0-5,4,No,C: Possible Injury,Non-Roadway - Parking Lot / Other,Hispanic,Male,Straight - Grade,Public Vehicular Area,Wet,Unknown,None,No Special Feature,Coarse Asphalt,Piedmont,Urban,Unknown,No Control Present,Rain,No
"35.9133399997, -79.0555000003","{u'type': u'Point', u'coordinates': [-79.05550000028497, 35.91333999967818]}",12530,,Yes,Chapel Hill,Orange,Yes,Monday,11FEB2013,Crossing Roadway - Vehicle Not Turning,18,Non-Intersection,February,18:21,Pedestrian Failed to Yield,,2013,B: Evident Injury,Commercial,25-29,27,No,21-25 mph,O: No Injury,White,Female,Sport Utility,No,No,36,Daylight,Urban (>70% Developed),-79,4 lanes,2,41-50,45,Yes,B: Evident Injury,Travel Lane,Black,Male,Straight - Level,Local Street,Wet,"Two-Way, Not Divided",None,No Special Feature,Smooth Asphalt,Piedmont,Urban,20 - 25  MPH,"Double Yellow Line, No Passing Zone",Cloudy,No