Geo Point,Geo Shape,objectid_1,objectid,Ambulance,City,County,crashalcoh,Day of Week,Date,Cause of Crash,Hour of Crash,Location of Crash,Crash Month,Crash Time,Crash Type,crash_ty_1,Crash Year,crsh_sevri,Development,drvrage_gr,Driver Age,drvr_alc_d,drvr_estep,Driver Injury,Driver Race,Driver Sex,Vehicle Type,excsspdind,Hit and Run,latitude,Light Conditions,Locality,longitude,Number of Lanes,Number of Units,Pedestrian Age Group,Pedestrian Age,ped_alc_dr,Pedestrian Injury,Pedestrian Position,Pedestrian Race,Pedestrian Sex,Road Characteristic,Road Class,rd_conditi,Road Configuration,Road Defects,Road Feature,Road Surface,Region,Rural/Urban,Speed Limit,Traffic Control,Weather,Workzone
"35.9626171076, -78.9589027161","{u'type': u'Point', u'coordinates': [-78.9589027160717, 35.9626171076257]}",16038,1033,Yes,Durham,Durham,No,Sunday,20MAY2012,Off Roadway,7,Non-Roadway,May,7:56,Off Roadway - Parking Lot,,2012,,Commercial,50-59,57,No,0-5 mph,O: No Injury,White,Male,Passenger Car,No,No,36,Daylight,Urban (>70% Developed),-79,2 lanes,2,26-30,28,No,A: Disabling Injury,Non-Roadway - Parking Lot / Other,Black,Female,Curve - Grade,Public Vehicular Area,Dry,"Two-Way, Not Divided",None,"Driveway, Public",Smooth Asphalt,Piedmont,Urban,30 - 35  MPH,No Control Present,Clear,No
"35.963947104, -79.0598027464","{u'type': u'Point', u'coordinates': [-79.05980274636661, 35.96394710401616]}",17616,2611,No,Chapel Hill,Orange,No,Saturday,17NOV2012,Pedestrian in Roadway - Circumstances Unknown,6,Non-Intersection,November,6:51,Walking in Roadway,,2012,,Residential,30-39,37,No,21-25 mph,O: No Injury,White,Male,Passenger Car,No,No,36,Dark - Roadway Not Lighted,Urban (>70% Developed),-79,2 lanes,2,41-50,45,No,C: Possible Injury,Travel Lane,White,Male,Straight - Grade,Local Street,Dry,"Two-Way, Divided, Unprotected Median",None,No Special Feature,Smooth Asphalt,Piedmont,Urban,30 - 35  MPH,No Control Present,Clear,No
"35.9303370983, -79.0246027339","{u'type': u'Point', u'coordinates': [-79.02460273389858, 35.93033709825028]}",2031,2031,Yes,Chapel Hill,Orange,No,Tuesday,27MAR2007,Bus-Related,15,Non-Intersection,March,15:00,Commercial Bus-Related,2341,2007,C: Possible Injury,Commercial,50-59,52,No,6-10 mph,O: No Injury,White,Female,Commercial Bus,No,No,36,Daylight,Urban (>70% Developed),-79,2 lanes,2,71+,70+,No,C: Possible Injury,Travel Lane,White,Female,Straight - Level,Local Street,Dry,"Two-Way, Not Divided",None,No Special Feature,Smooth Asphalt,Piedmont,Urban,20 - 25  MPH,No Control Present,Clear,No
"35.9487471028, -79.0024027276","{u'type': u'Point', u'coordinates': [-79.00240272759625, 35.9487471027772]}",2058,2058,Yes,Chapel Hill,Orange,No,Saturday,14APR2007,Walking Along Roadway,23,Non-Intersection,April,23:24,Walking Along Roadway With Traffic - From Behind,2410,2007,B: Evident Injury,Residential,60-69,60,No,26-30 mph,O: No Injury,White,Male,Passenger Car,No,No,36,Dark - Roadway Not Lighted,Mixed (30% To 70% Developed),-79,2 lanes,2,31-40,39,No,B: Evident Injury,Paved Shoulder / Bike Lane / Parking Lane,Black,Male,Straight - Level,Local Street,Dry,"Two-Way, Divided, Unprotected Median",None,No Special Feature,Smooth Asphalt,Piedmont,Urban,30 - 35  MPH,No Control Present,Cloudy,No
"36.0108571179, -78.9470027151","{u'type': u'Point', u'coordinates': [-78.94700271510385, 36.01085711787654]}",9904,23,Yes,None - Rural Crash,Durham,No,Monday,10JAN2011,Unusual Circumstances,22,Non-Intersection,January,22:20,Vehicle-Vehicle / Object,23140,2011,B: Evident Injury,"Farms, Woods, Pastures",30-39,34,No,21-25 mph,O: No Injury,Hispanic,Male,Passenger Car,No,No,36,Dark - Roadway Not Lighted,Rural (<30% Developed),-79,4 lanes,4,26-30,30,No,B: Evident Injury,Travel Lane,White,Male,Straight - Level,US Route,Snow,"Two-Way, Divided, Unprotected Median",Road Surface Condition,No Special Feature,Smooth Asphalt,Piedmont,Rural,50 - 55  MPH,No Control Present,"Snow, Sleet, Hail, Freezing Rain/Drizzle",No
"35.9287791009, -78.9426627083","{u'type': u'Point', u'coordinates': [-78.94266270834527, 35.92877910085314]}",9267,1930,Yes,Durham,Durham,No,Tuesday,10AUG2010,Backing Vehicle,17,Non-Roadway,August,17:37,Backing Vehicle - Driveway,37211,2010,C: Possible Injury,Residential,60-69,60,No,0-5 mph,O: No Injury,Other,Female,Passenger Car,No,No,36,Daylight,Urban (>70% Developed),-79,Unknown,2,0-5,2,No,C: Possible Injury,Driveway / Alley,Asian,Female,Straight - Hillcrest,"Private Road, Driveway",Dry,"Two-Way, Divided, Unprotected Median",None,"Driveway, Private",Smooth Asphalt,Piedmont,Urban,20 - 25  MPH,No Control Present,Clear,No
"35.9121470927, -79.0581027425","{u'type': u'Point', u'coordinates': [-79.05810274252619, 35.91214709265375]}",6709,1790,Yes,Chapel Hill,Orange,No,Tuesday,13JAN2009,Crossing Driveway or Alley,17,Non-Intersection,January,17:30,Motorist Exiting Driveway or Alley,25465,2009,C: Possible Injury,Commercial,50-59,56,No,0-5 mph,O: No Injury,White,Female,Passenger Car,No,No,36,Daylight,Urban (>70% Developed),-79,Unknown,2,21-25,21,No,C: Possible Injury,Sidewalk / Shared Use Path / Driveway Crossing,Black,Male,Straight - Level,Public Vehicular Area,Dry,"Two-Way, Not Divided",None,No Special Feature,Smooth Asphalt,Piedmont,Urban,5 - 15 MPH,No Control Present,Clear,No
"35.9114970931, -79.0549027417","{u'type': u'Point', u'coordinates': [-79.05490274171682, 35.91149709309922]}",1988,1988,Yes,Chapel Hill,Orange,No,Thursday,23AUG2007,Crossing Roadway - Vehicle Not Turning,1,Non-Intersection,August,1:14,Pedestrian Failed to Yield,2760,2007,B: Evident Injury,Commercial,25-29,29,No,16-20 mph,O: No Injury,White,Male,Passenger Car,No,No,36,Dark - Roadway Not Lighted,Urban (>70% Developed),-79,4 lanes,2,16-20,18,No,B: Evident Injury,Crosswalk Area,White,Male,Straight - Level,Local Street,Dry,"Two-Way, Not Divided",None,No Special Feature,Smooth Asphalt,Piedmont,Urban,20 - 25  MPH,Stop And Go Signal,Clear,No
"35.916877093, -79.0951027539","{u'type': u'Point', u'coordinates': [-79.09510275393282, 35.91687709303393]}",12043,2162,No,Carrboro,Orange,No,Wednesday,23NOV2011,Off Roadway,13,Non-Roadway,November,13:27,Off Roadway - Parking Lot,38830,2011,B: Evident Injury,Commercial,Unknown,Unknown,Missing,0-5 mph,Unknown Injury,Unknown/Missing,Unknown,Passenger Car,No,Yes,36,Daylight,Urban (>70% Developed),-79,Unknown,2,51-60,51,No,B: Evident Injury,Non-Roadway - Parking Lot / Other,White,Female,Straight - Level,Public Vehicular Area,Dry,Unknown,None,No Special Feature,Smooth Asphalt,Piedmont,Urban,5 - 15 MPH,No Control Present,Cloudy,No
"35.912897093, -79.0565027428","{u'type': u'Point', u'coordinates': [-79.05650274275818, 35.912897092999486]}",16269,1264,No,Chapel Hill,Orange,No,Tuesday,12JUN2012,Crossing Roadway - Vehicle Turning,18,Non-Intersection,June,18:29,Motorist Left Turn - Parallel Paths,,2012,,Commercial,60-69,61,No,11-15 mph,O: No Injury,White,Male,Pickup,No,No,36,Daylight,Urban (>70% Developed),-79,5 lanes,2,26-30,26,No,B: Evident Injury,Sidewalk / Shared Use Path / Driveway Crossing,Black,Male,Straight - Level,Local Street,Dry,"Two-Way, Not Divided",None,No Special Feature,Smooth Asphalt,Piedmont,Urban,20 - 25  MPH,No Control Present,Clear,No
"35.8944270891, -79.0610027427","{u'type': u'Point', u'coordinates': [-79.0610027426867, 35.894427089123276]}",4277,1730,Yes,Chapel Hill,Orange,No,Thursday,11DEC2008,Crossing Roadway - Vehicle Not Turning,22,Non-Intersection,December,22:33,Pedestrian Failed to Yield,23760,2008,K: Killed,Residential,0-19,17,No,46-50 mph,O: No Injury,White,Male,Passenger Car,No,No,36,Dark - Roadway Not Lighted,Urban (>70% Developed),-79,4 lanes,4,41-50,43,No,K: Killed,Travel Lane,White,Female,Straight - Grade,NC Route,Wet,"Two-Way, Divided, Unprotected Median",None,No Special Feature,Smooth Asphalt,Piedmont,Urban,40 - 45  MPH,No Control Present,Cloudy,No
"35.9049870906, -79.0885027512","{u'type': u'Point', u'coordinates': [-79.08850275116436, 35.90498709057378]}",1964,1964,Yes,Carrboro,Orange,No,Monday,21MAY2007,Dash / Dart-Out,18,Intersection,May,18:19,Dash,1741,2007,B: Evident Injury,Commercial,50-59,51,No,16-20 mph,O: No Injury,White,Female,Passenger Car,No,No,36,Daylight,Urban (>70% Developed),-79,5 lanes,3,21-25,25,No,B: Evident Injury,Crosswalk Area,Black,Male,Straight - Hillcrest,Local Street,Dry,"Two-Way, Not Divided",None,Four-Way Intersection,Coarse Asphalt,Piedmont,Urban,30 - 35  MPH,Stop And Go Signal,Clear,No
"35.9615071062, -78.9772027209","{u'type': u'Point', u'coordinates': [-78.97720272088779, 35.96150710617013]}",17751,2746,Yes,Durham,Durham,No,Monday,17DEC2012,Crossing Roadway - Vehicle Turning,10,Intersection,December,10:25,Motorist Left Turn - Parallel Paths,,2012,,Commercial,25-29,26,No,0-5 mph,O: No Injury,Black,Male,"Single Unit Truck (2-Axle, 6-Tire)",No,No,36,Daylight,Urban (>70% Developed),-79,3 lanes,2,41-50,43,No,B: Evident Injury,Crosswalk Area,Hispanic,Female,Straight - Level,US Route,Dry,"Two-Way, Not Divided",None,No Special Feature,Smooth Asphalt,Piedmont,Urban,40 - 45  MPH,Stop And Go Signal,Clear,No
"35.9683671046, -79.0594027466","{u'type': u'Point', u'coordinates': [-79.05940274662373, 35.96836710462313]}",4416,1869,No,Chapel Hill,Orange,No,Thursday,12JUN2008,Unusual Circumstances,15,Non-Roadway,June,15:01,Dispute-Related,38120,2008,C: Possible Injury,Commercial,0-19,19,No,0-5 mph,O: No Injury,White,Male,Passenger Car,No,Yes,36,Daylight,Urban (>70% Developed),-79,Unknown,2,21-25,24,No,C: Possible Injury,Non-Roadway - Parking Lot / Other,White,Male,Straight - Level,Public Vehicular Area,Dry,"Two-Way, Not Divided",None,No Special Feature,Smooth Asphalt,Piedmont,Urban,5 - 15 MPH,No Control Present,Clear,No
"35.907327091, -79.0878027517","{u'type': u'Point', u'coordinates': [-79.08780275170712, 35.90732709103606]}",1971,1971,Yes,Carrboro,Orange,No,Tuesday,20FEB2007,Crossing Roadway - Vehicle Not Turning,21,Non-Intersection,February,21:19,Pedestrian Failed to Yield,2760,2007,A: Disabling Injury,Commercial,0-19,18,No,41-45 mph,B: Evident Injury,Hispanic,Male,Passenger Car,No,No,36,Dark - Roadway Not Lighted,Mixed (30% To 70% Developed),-79,4 lanes,2,51-60,52,No,A: Disabling Injury,Travel Lane,Black,Male,Straight - Level,NC Route,Dry,"Two-Way, Divided, Unprotected Median",None,On or Off Ramp,Smooth Asphalt,Piedmont,Urban,40 - 45  MPH,No Control Present,Clear,No
"35.9252100001, -79.0248000004","{u'type': u'Point', u'coordinates': [-79.02480000037713, 35.925210000134015]}",14981,,Yes,Chapel Hill,Orange,Yes,Wednesday,18SEP2013,Crossing Roadway - Vehicle Not Turning,20,Intersection,September,20:26,Pedestrian Failed to Yield,,2013,K: Killed,Commercial,30-39,31,No,41-45 mph,O: No Injury,Other,Female,Passenger Car,No,No,36,Dark - Lighted Roadway,Urban (>70% Developed),-79,4 lanes,2,41-50,41,Yes,K: Killed,Crosswalk Area,Black,Female,Straight - Level,US Route,Dry,"Two-Way, Divided, Positive Median Barrier",None,Related To Intersection,Smooth Asphalt,Piedmont,Urban,40 - 45  MPH,Stop And Go Signal,Clear,No
"35.9006570912, -79.040202737","{u'type': u'Point', u'coordinates': [-79.0402027369566, 35.900657091172455]}",1948,1948,Yes,Chapel Hill,Orange,No,Thursday,30AUG2007,Crossing Roadway - Vehicle Not Turning,20,Intersection-Related,August,20:33,Pedestrian Failed to Yield,4760,2007,C: Possible Injury,Institutional,50-59,53,No,11-15 mph,O: No Injury,White,Male,Passenger Car,No,No,36,Daylight,Urban (>70% Developed),-79,4 lanes,2,21-25,22,No,C: Possible Injury,Travel Lane,Asian,Male,Straight - Grade,Local Street,Dry,"Two-Way, Divided, Unprotected Median",None,No Special Feature,Coarse Asphalt,Piedmont,Urban,20 - 25  MPH,Stop Sign,Clear,No
"35.9302970983, -79.0244027334","{u'type': u'Point', u'coordinates': [-79.02440273337086, 35.93029709831786]}",10064,183,Yes,Chapel Hill,Orange,No,Thursday,03FEB2011,Crossing Roadway - Vehicle Not Turning,17,Intersection,February,17:23,Motorist Failed to Yield,12770,2011,B: Evident Injury,Commercial,60-69,60,No,41-45 mph,O: No Injury,White,Male,Pickup,No,No,36,Dusk,Urban (>70% Developed),-79,2 lanes,2,21-25,23,No,B: Evident Injury,Crosswalk Area,White,Female,Straight - Level,US Route,Dry,"Two-Way, Not Divided",None,Four-Way Intersection,Smooth Asphalt,Piedmont,Urban,40 - 45  MPH,Stop And Go Signal,Clear,No
"35.9017370904, -79.0749027469","{u'type': u'Point', u'coordinates': [-79.07490274692753, 35.901737090378234]}",1951,1951,No,Carrboro,Orange,Yes,Saturday,29DEC2007,Crossing Roadway - Vehicle Not Turning,18,Non-Intersection,December,18:55,Pedestrian Failed to Yield,2760,2007,A: Disabling Injury,Residential,70+,70+,No,41-45 mph,O: No Injury,White,Male,Passenger Car,No,No,36,Dark - Roadway Not Lighted,Mixed (30% To 70% Developed),-79,2 lanes,2,16-20,20,Yes,A: Disabling Injury,Travel Lane,White,Male,Straight - Grade,NC Route,Dry,"Two-Way, Divided, Unprotected Median",None,Bridge Approach,Smooth Asphalt,Piedmont,Urban,40 - 45  MPH,No Control Present,Cloudy,No
"35.9161670925, -79.0924027531","{u'type': u'Point', u'coordinates': [-79.09240275311771, 35.91616709249136]}",6716,1797,No,Carrboro,Orange,No,Wednesday,18NOV2009,Off Roadway,19,Non-Roadway,November,19:00,Off Roadway - Parking Lot,38830,2009,B: Evident Injury,Commercial,30-39,34,No,0-5 mph,O: No Injury,White,Female,Passenger Car,No,No,36,Dark - Lighted Roadway,Mixed (30% To 70% Developed),-79,Unknown,2,26-30,30,No,B: Evident Injury,Non-Roadway - Parking Lot / Other,Other,Male,Straight - Level,Public Vehicular Area,Wet,Unknown,Unknown,Other,Smooth Asphalt,Piedmont,Urban,5 - 15 MPH,No Control Present,Rain,No
"35.9355899996, -79.0294999999","{u'type': u'Point', u'coordinates': [-79.02949999994009, 35.935589999563014]}",14642,,Yes,Chapel Hill,Orange,No,Wednesday,23OCT2013,Unusual Circumstances,12,Non-Roadway,October,12:13,Driverless Vehicle,,2013,B: Evident Injury,Institutional,Unknown,Unknown,Missing,6-10 mph,Unknown Injury,Unknown/Missing,Unknown,Passenger Car,No,No,36,Daylight,Urban (>70% Developed),-79,Unknown,2,41-50,50,No,B: Evident Injury,Non-Roadway - Parking Lot / Other,White,Female,Straight - Grade,Public Vehicular Area,Dry,Unknown,None,No Special Feature,Smooth Asphalt,Piedmont,Urban,5 - 15 MPH,No Control Present,Clear,No
"35.8265270761, -79.0197027267","{u'type': u'Point', u'coordinates': [-79.0197027267344, 35.826527076117]}",1838,1838,No,None - Rural Crash,Chatham,No,Tuesday,23JAN2007,Walking Along Roadway,19,Non-Intersection,January,19:30,Walking Along Roadway With Traffic - From Behind,2410,2007,B: Evident Injury,"Farms, Woods, Pastures",50-59,50,No,41-45 mph,O: No Injury,White,Female,Sport Utility,No,No,36,Dark - Roadway Not Lighted,Rural (<30% Developed),-79,2 lanes,2,41-50,44,No,B: Evident Injury,Travel Lane,White,Female,Straight - Level,State Secondary Route,Dry,"Two-Way, Not Divided",None,No Special Feature,Smooth Asphalt,Piedmont,Rural,50 - 55  MPH,"Double Yellow Line, No Passing Zone",Clear,No
"35.9545371044, -78.998702727","{u'type': u'Point', u'coordinates': [-78.99870272700124, 35.95453710436918]}",6784,1865,No,Durham,Durham,No,Saturday,25JUL2009,Off Roadway,9,Non-Roadway,July,9:22,Off Roadway - Parking Lot,38830,2009,C: Possible Injury,Commercial,Unknown,Unknown,Missing,6-10 mph,Unknown Injury,Unknown/Missing,Unknown,Passenger Car,No,Yes,36,Daylight,Urban (>70% Developed),-79,1 lane,2,26-30,26,No,C: Possible Injury,Non-Roadway - Parking Lot / Other,Black,Female,Straight - Level,Public Vehicular Area,Dry,"One-Way, Not Divided",None,"Driveway, Private",Smooth Asphalt,Piedmont,Urban,5 - 15 MPH,No Control Present,Clear,No
"35.9142070933, -79.0564027428","{u'type': u'Point', u'coordinates': [-79.05640274279814, 35.91420709331883]}",9942,61,Yes,Chapel Hill,Orange,No,Monday,10JAN2011,Crossing Roadway - Vehicle Not Turning,17,Intersection-Related,January,17:59,Pedestrian Failed to Yield,43760,2011,C: Possible Injury,Commercial,60-69,61,No,11-15 mph,O: No Injury,White,Male,Passenger Car,No,No,36,Dark - Lighted Roadway,Urban (>70% Developed),-79,5 lanes,2,41-50,46,No,C: Possible Injury,Travel Lane,Black,Male,Straight - Grade,Local Street,Wet,"Two-Way, Not Divided",None,No Special Feature,Smooth Asphalt,Piedmont,Urban,30 - 35  MPH,"Double Yellow Line, No Passing Zone","Snow, Sleet, Hail, Freezing Rain/Drizzle",No
"35.9252770967, -79.0248027337","{u'type': u'Point', u'coordinates': [-79.02480273365174, 35.92527709670304]}",4334,1787,Yes,Chapel Hill,Orange,No,Tuesday,30DEC2008,Crossing Roadway - Vehicle Turning,20,Intersection-Related,December,20:23,Motorist Right Turn - Parallel Paths,43791,2008,B: Evident Injury,Residential,25-29,27,No,11-15 mph,O: No Injury,White,Female,Sport Utility,No,No,36,Dark - Lighted Roadway,Urban (>70% Developed),-79,6 lanes,2,11-15,15,No,B: Evident Injury,Travel Lane,Black,Female,Straight - Level,US Route,Dry,"Two-Way, Divided, Unprotected Median",None,Four-Way Intersection,Coarse Asphalt,Piedmont,Urban,40 - 45  MPH,Stop And Go Signal,Clear,No
"36.0056271162, -78.9547027161","{u'type': u'Point', u'coordinates': [-78.95470271613647, 36.00562711615732]}",4494,1947,Yes,Durham,Durham,Yes,Thursday,23OCT2008,Unusual Circumstances,18,Intersection,October,18:58,Motor Vehicle Loss of Control,15150,2008,C: Possible Injury,Residential,Unknown,Unknown,Missing,31-35 mph,Unknown Injury,Unknown/Missing,Unknown,Passenger Car,No,Yes,36,Dark - Lighted Roadway,Urban (>70% Developed),-79,2 lanes,2,61-79,62,Yes,C: Possible Injury,Sidewalk / Shared Use Path / Driveway Crossing,Black,Male,Straight - Level,Local Street,Dry,"Two-Way, Not Divided",None,No Special Feature,Smooth Asphalt,Piedmont,Urban,30 - 35  MPH,No Control Present,Clear,No
"35.9011370915, -79.0445027378","{u'type': u'Point', u'coordinates': [-79.0445027377843, 35.901137091515466]}",1949,1949,Yes,Chapel Hill,Orange,No,Tuesday,13FEB2007,Off Roadway,22,Non-Roadway,February,22:45,Off Roadway - Parking Lot,3830,2007,C: Possible Injury,Institutional,Unknown,Unknown,Missing,0-5 mph,Unknown Injury,Unknown/Missing,Unknown,Unknown,No,Yes,36,Dark - Lighted Roadway,Urban (>70% Developed),-79,Unknown,2,21-25,21,No,C: Possible Injury,Non-Roadway - Parking Lot / Other,Asian,Female,Straight - Level,Public Vehicular Area,Unknown,"Two-Way, Not Divided",None,No Special Feature,Smooth Asphalt,Piedmont,Urban,5 - 15 MPH,No Control Present,Other,No
"35.9057270909, -79.0879027513","{u'type': u'Point', u'coordinates': [-79.0879027513105, 35.905727090915285]}",4303,1756,Yes,Carrboro,Orange,No,Saturday,05APR2008,Unusual Circumstances,19,Non-Roadway,April,19:39,Motor Vehicle Loss of Control,38150,2008,C: Possible Injury,Commercial,0-19,13,No,0-5 mph,O: No Injury,White,Male,Passenger Car,No,No,36,Dusk,Urban (>70% Developed),-79,2 lanes,2,21-25,23,No,C: Possible Injury,Non-Roadway - Parking Lot / Other,White,Female,Straight - Level,Public Vehicular Area,Wet,"Two-Way, Not Divided",None,No Special Feature,Smooth Asphalt,Piedmont,Urban,5 - 15 MPH,No Control Present,Rain,No
"35.9250270963, -79.0542027419","{u'type': u'Point', u'coordinates': [-79.054202741867, 35.92502709628133]}",4333,1786,Yes,Chapel Hill,Orange,No,Sunday,27APR2008,Crossing Roadway - Vehicle Not Turning,20,Intersection-Related,April,20:41,Pedestrian Failed to Yield,43760,2008,K: Killed,Commercial,40-49,45,No,31-35 mph,O: No Injury,Black,Male,Van,No,No,36,Dark - Lighted Roadway,Urban (>70% Developed),-79,5 lanes,2,61-79,62,No,K: Killed,Travel Lane,Black,Male,Straight - Level,NC Route,Wet,"Two-Way, Divided, Unprotected Median",None,Four-Way Intersection,Smooth Asphalt,Piedmont,Urban,30 - 35  MPH,Stop And Go Signal,Rain,No
"35.9211570985, -78.9562027122","{u'type': u'Point', u'coordinates': [-78.95620271216318, 35.92115709854005]}",2010,2010,Yes,Durham,Durham,No,Tuesday,19JUN2007,Off Roadway,16,Non-Roadway,June,16:00,Off Roadway - Other / Unknown,3890,2007,C: Possible Injury,Commercial,60-69,61,No,11-15 mph,O: No Injury,Black,Female,Passenger Car,No,No,36,Daylight,Urban (>70% Developed),-79,Unknown,2,71+,70+,No,C: Possible Injury,Non-Roadway - Parking Lot / Other,Black,Female,Straight - Level,Public Vehicular Area,Dry,"Two-Way, Not Divided",None,"Driveway, Public",Smooth Asphalt,Piedmont,Urban,5 - 15 MPH,No Control Present,Clear,No
"35.9630921073, -78.9559527142","{u'type': u'Point', u'coordinates': [-78.9559527142237, 35.96309210734921]}",9325,1988,Yes,Durham,Durham,No,Tuesday,08JUN2010,Backing Vehicle,9,Non-Roadway,June,9:14,Backing Vehicle - Parking Lot,38214,2010,O: No Injury,Residential,30-39,34,No,0-5 mph,O: No Injury,Black,Male,"Single Unit Truck (2-Axle, 6-Tire)",No,No,36,Daylight,Urban (>70% Developed),-79,Unknown,2,21-25,23,No,Unknown Injury,Non-Roadway - Parking Lot / Other,Black,Male,Straight - Level,Public Vehicular Area,Dry,"Two-Way, Not Divided",None,"Driveway, Public",Coarse Asphalt,Piedmont,Urban,5 - 15 MPH,No Control Present,Clear,No
"35.9210970986, -78.9566027124","{u'type': u'Point', u'coordinates': [-78.9566027124022, 35.92109709862108]}",16701,1696,No,Durham,Durham,No,Friday,17AUG2012,Unusual Circumstances,12,Non-Roadway,August,12:19,Vehicle-Vehicle / Object,,2012,,Commercial,70+,70+,No,11-15 mph,O: No Injury,White,Male,Sport Utility,No,No,36,Daylight,Urban (>70% Developed),-79,2 lanes,3,41-50,45,No,Unknown Injury,Non-Roadway - Parking Lot / Other,Black,Male,Straight - Level,Public Vehicular Area,Dry,"Two-Way, Not Divided",None,No Special Feature,Smooth Asphalt,Piedmont,Urban,5 - 15 MPH,No Control Present,Clear,No
"36.0097771177, -78.9492027157","{u'type': u'Point', u'coordinates': [-78.94920271567628, 36.00977711773878]}",15080,75,Yes,Durham,Durham,No,Thursday,19JAN2012,Multiple Threat / Trapped,14,Non-Intersection,January,14:58,Multiple Threat,,2012,,Commercial,20-24,24,No,16-20 mph,O: No Injury,Black,Female,Passenger Car,No,No,36,Daylight,Urban (>70% Developed),-79,2 lanes,2,16-20,20,No,C: Possible Injury,Travel Lane,Black,Female,Straight - Hillcrest,Local Street,Dry,"Two-Way, Not Divided",None,No Special Feature,Smooth Asphalt,Piedmont,Urban,30 - 35  MPH,No Control Present,Clear,No
"35.9303770978, -79.0258027338","{u'type': u'Point', u'coordinates': [-79.02580273382412, 35.930377097836875]}",15205,200,Yes,Chapel Hill,Orange,No,Thursday,19JAN2012,Working or Playing in Roadway,14,Non-Intersection,January,14:21,Working in Roadway,,2012,,Commercial,60-69,61,No,Unknown,O: No Injury,White,Male,Unknown,No,Yes,36,Daylight,Urban (>70% Developed),-79,5 lanes,2,31-40,39,No,B: Evident Injury,Travel Lane,White,Male,Straight - Grade,Local Street,Dry,"Two-Way, Divided, Unprotected Median",None,Other,Coarse Asphalt,Piedmont,Urban,30 - 35  MPH,Human Control,Clear,Yes
"35.9032070898, -79.0812027489","{u'type': u'Point', u'coordinates': [-79.0812027488697, 35.903207089819745]}",16504,1499,No,Carrboro,Orange,Yes,Saturday,21JUL2012,Crossing Roadway - Vehicle Not Turning,22,Non-Intersection,July,22:23,Pedestrian Failed to Yield,,2012,,Commercial,20-24,20,No,31-35 mph,O: No Injury,White,Female,Sport Utility,No,No,36,Dark - Roadway Not Lighted,Urban (>70% Developed),-79,5 lanes,3,51-60,53,Yes,K: Killed,Travel Lane,White,Male,Straight - Grade,NC Route,Wet,"Two-Way, Divided, Unprotected Median",None,No Special Feature,Smooth Asphalt,Piedmont,Urban,40 - 45  MPH,No Control Present,Rain,No