Geo Point,Geo Shape,objectid_1,objectid,Ambulance,City,County,crashalcoh,Day of Week,Date,Cause of Crash,Hour of Crash,Location of Crash,Crash Month,Crash Time,Crash Type,crash_ty_1,Crash Year,crsh_sevri,Development,drvrage_gr,Driver Age,drvr_alc_d,drvr_estep,Driver Injury,Driver Race,Driver Sex,Vehicle Type,excsspdind,Hit and Run,latitude,Light Conditions,Locality,longitude,Number of Lanes,Number of Units,Pedestrian Age Group,Pedestrian Age,ped_alc_dr,Pedestrian Injury,Pedestrian Position,Pedestrian Race,Pedestrian Sex,Road Characteristic,Road Class,rd_conditi,Road Configuration,Road Defects,Road Feature,Road Surface,Region,Rural/Urban,Speed Limit,Traffic Control,Weather,Workzone
"35.9036370913, -79.0463027384","{u'type': u'Point', u'coordinates': [-79.04630273842707, 35.903637091342404]}",11457,1576,Yes,Chapel Hill,Orange,No,Wednesday,07SEP2011,Crossing Roadway - Vehicle Turning,9,Intersection,September,9:24,Motorist Left Turn - Parallel Paths,12781,2011,B: Evident Injury,Institutional,25-29,25,No,0-5 mph,O: No Injury,Asian,Female,Passenger Car,No,No,36,Daylight,Urban (>70% Developed),-79,5 lanes,2,21-25,21,No,B: Evident Injury,Crosswalk Area,White,Female,Straight - Level,Local Street,Dry,"Two-Way, Not Divided",None,Related To Intersection,Coarse Asphalt,Piedmont,Urban,20 - 25  MPH,Stop And Go Signal,Clear,No
"35.9608271074, -78.9553027149","{u'type': u'Point', u'coordinates': [-78.95530271494695, 35.960827107444686]}",2079,2079,Yes,Durham,Durham,No,Monday,15OCT2007,Crossing Roadway - Vehicle Turning,8,Intersection,October,8:58,Motorist Left Turn - Parallel Paths,1781,2007,A: Disabling Injury,Commercial,30-39,31,No,26-30 mph,O: No Injury,Hispanic,Male,Passenger Car,No,No,36,Daylight,Urban (>70% Developed),-79,6 lanes,2,61-79,64,No,A: Disabling Injury,Crosswalk Area,Black,Male,Straight - Level,Local Street,Dry,"Two-Way, Not Divided",None,Four-Way Intersection,Smooth Asphalt,Piedmont,Urban,30 - 35  MPH,Stop And Go Signal,Clear,No
"35.9128270931, -79.0596027431","{u'type': u'Point', u'coordinates': [-79.05960274306315, 35.9128270931045]}",17030,2025,No,Chapel Hill,Orange,Yes,Thursday,20SEP2012,Dash / Dart-Out,4,Non-Intersection,September,4:07,Dash,,2012,,Commercial,30-39,31,Yes,0-5 mph,O: No Injury,White,Male,Sport Utility,No,No,36,Dark - Lighted Roadway,Urban (>70% Developed),-79,2 lanes,2,26-30,27,Yes,C: Possible Injury,Travel Lane,White,Male,Straight - Level,Local Street,Dry,"Two-Way, Not Divided",None,No Special Feature,Smooth Asphalt,Piedmont,Urban,20 - 25  MPH,No Control Present,Clear,No
"35.9155670941, -79.0493027402","{u'type': u'Point', u'coordinates': [-79.04930274016617, 35.91556709405386]}",17392,2387,Yes,Chapel Hill,Orange,No,Tuesday,23OCT2012,Crossing Roadway - Vehicle Turning,18,Intersection-Related,October,18:51,Motorist Right Turn - Perpendicular Paths,,2012,,Residential,20-24,20,No,0-5 mph,O: No Injury,Black,Female,Passenger Car,No,No,36,Dusk,Urban (>70% Developed),-79,5 lanes,2,16-20,20,No,B: Evident Injury,Crosswalk Area,White,Male,Straight - Grade,Local Street,Dry,"Two-Way, Not Divided",None,Four-Way Intersection,Smooth Asphalt,Piedmont,Urban,20 - 25  MPH,Stop And Go Signal,Clear,No
"35.8918530879, -79.0824127486","{u'type': u'Point', u'coordinates': [-79.08241274862432, 35.891853087868675]}",9193,1856,Yes,Carrboro,Orange,No,Tuesday,30NOV2010,Crossing Roadway - Vehicle Not Turning,16,Non-Intersection,November,16:00,Pedestrian Failed to Yield,23760,2010,B: Evident Injury,Residential,0-19,17,No,31-35 mph,O: No Injury,White,Female,Passenger Car,No,Yes,36,Daylight,Urban (>70% Developed),-79,2 lanes,2,11-15,14,No,B: Evident Injury,Travel Lane,White,Male,Straight - Level,Local Street,Wet,"Two-Way, Not Divided",None,No Special Feature,Smooth Asphalt,Piedmont,Urban,20 - 25  MPH,No Control Present,Cloudy,No
"35.9519651011, -79.0781027507","{u'type': u'Point', u'coordinates': [-79.07810275068941, 35.95196510113207]}",9315,1978,Yes,None - Rural Crash,Orange,No,Wednesday,15SEP2010,Walking Along Roadway,20,Non-Intersection,September,20:39,Walking Along Roadway With Traffic - From Behind,23410,2010,B: Evident Injury,Residential,0-19,18,No,36-40 mph,O: No Injury,White,Male,Pickup,No,No,36,Dark - Roadway Not Lighted,Mixed (30% To 70% Developed),-79,2 lanes,2,26-30,26,No,B: Evident Injury,Travel Lane,Hispanic,Female,Straight - Grade,State Secondary Route,Dry,"Two-Way, Not Divided",None,No Special Feature,Smooth Asphalt,Piedmont,Rural,40 - 45  MPH,"Double Yellow Line, No Passing Zone",Clear,No
"36.0067799998, -78.9547","{u'type': u'Point', u'coordinates': [-78.95469999998632, 36.006779999829824]}",13735,,Yes,Durham,Durham,No,Monday,12AUG2013,Dash / Dart-Out,17,Intersection,August,17:57,Dash,,2013,B: Evident Injury,Residential,30-39,38,No,31-35 mph,O: No Injury,Hispanic,Female,Passenger Car,No,No,36,Daylight,Urban (>70% Developed),-79,2 lanes,2,6-10,10,No,B: Evident Injury,Crosswalk Area,Black,Male,Straight - Level,Local Street,Dry,"Two-Way, Not Divided",None,No Special Feature,Coarse Asphalt,Piedmont,Urban,30 - 35  MPH,No Control Present,Clear,No
"35.9151570938, -79.057102743","{u'type': u'Point', u'coordinates': [-79.05710274301084, 35.91515709383918]}",4322,1775,Yes,Chapel Hill,Orange,Yes,Sunday,17AUG2008,Unusual Circumstances,2,Non-Intersection,August,2:17,Motor Vehicle Loss of Control,25150,2008,A: Disabling Injury,Commercial,20-24,20,Yes,46-50 mph,O: No Injury,White,Male,Sport Utility,Yes,No,36,Dark - Lighted Roadway,Urban (>70% Developed),-79,5 lanes,3,21-25,21,No,A: Disabling Injury,Sidewalk / Shared Use Path / Driveway Crossing,White,Female,Curve - Grade,Local Street,Dry,"Two-Way, Not Divided",None,No Special Feature,Smooth Asphalt,Piedmont,Urban,30 - 35  MPH,No Control Present,Clear,No
"35.9294470978, -79.0342027362","{u'type': u'Point', u'coordinates': [-79.0342027361562, 35.929447097824436]}",11077,1196,Yes,Chapel Hill,Orange,No,Monday,18JUL2011,Crossing Roadway - Vehicle Not Turning,12,Non-Intersection,July,12:49,Pedestrian Failed to Yield,23760,2011,C: Possible Injury,Commercial,40-49,48,No,16-20 mph,O: No Injury,White,Male,Passenger Car,No,No,36,Daylight,Urban (>70% Developed),-79,5 lanes,2,21-25,25,No,C: Possible Injury,Travel Lane,Hispanic,Male,Straight - Level,Local Street,Dry,"Two-Way, Not Divided",None,No Special Feature,Coarse Asphalt,Piedmont,Urban,30 - 35  MPH,Stop And Go Signal,Clear,No
"35.911552093, -79.0626727437","{u'type': u'Point', u'coordinates': [-79.06267274372108, 35.911552093043476]}",9228,1891,Yes,Chapel Hill,Orange,No,Wednesday,22DEC2010,Dash / Dart-Out,14,Non-Intersection,December,14:52,Dart-Out,23742,2010,C: Possible Injury,Commercial,60-69,63,No,Unknown,O: No Injury,Black,Male,Passenger Car,No,No,36,Daylight,Urban (>70% Developed),-79,2 lanes,2,11-15,13,No,C: Possible Injury,Travel Lane,Black,Male,Straight - Grade,Local Street,Dry,"Two-Way, Not Divided",None,No Special Feature,Smooth Asphalt,Piedmont,Urban,20 - 25  MPH,No Control Present,Clear,No
"35.9067870907, -79.0834027499","{u'type': u'Point', u'coordinates': [-79.08340274992354, 35.90678709067151]}",12207,2326,Yes,Carrboro,Orange,No,Saturday,17DEC2011,Pedestrian in Roadway - Circumstances Unknown,22,Intersection,December,22:55,Walking in Roadway,13620,2011,A: Disabling Injury,Residential,50-59,53,No,31-35 mph,O: No Injury,White,Male,Passenger Car,No,No,36,Dark - Lighted Roadway,Urban (>70% Developed),-79,5 lanes,2,26-30,29,No,A: Disabling Injury,Travel Lane,Black,Male,Straight - Hillcrest,Local Street,Dry,"Two-Way, Divided, Unprotected Median",None,T-Intersection,Coarse Asphalt,Piedmont,Urban,30 - 35  MPH,No Control Present,Clear,No
"35.9119399996, -79.0717000002","{u'type': u'Point', u'coordinates': [-79.07170000021364, 35.911939999594374]}",13579,,No,Carrboro,Orange,No,Sunday,07JUL2013,Backing Vehicle,12,Non-Roadway,July,12:34,Backing Vehicle - Parking Lot,,2013,B: Evident Injury,Commercial,Unknown,Unknown,Missing,0-5 mph,Unknown Injury,Unknown/Missing,Unknown,Unknown,No,Yes,36,Daylight,Urban (>70% Developed),-79,2 lanes,2,41-50,45,No,B: Evident Injury,Non-Roadway - Parking Lot / Other,White,Female,Straight - Level,Public Vehicular Area,Dry,"Two-Way, Not Divided",None,No Special Feature,Smooth Asphalt,Piedmont,Urban,5 - 15 MPH,No Control Present,Clear,No
"35.9105070919, -79.0701027461","{u'type': u'Point', u'coordinates': [-79.07010274612519, 35.91050709189835]}",4311,1764,Yes,Carrboro,Orange,No,Tuesday,23SEP2008,Crossing Roadway - Vehicle Not Turning,23,Intersection,September,23:47,Motorist Failed to Yield,19770,2008,C: Possible Injury,Commercial,20-24,24,No,0-5 mph,O: No Injury,White,Female,Passenger Car,No,No,36,Dark - Lighted Roadway,Urban (>70% Developed),-79,2 lanes,2,21-25,21,No,C: Possible Injury,Other / Unknown,Black,Male,Straight - Level,Local Street,Dry,"Two-Way, Not Divided",None,Four-Way Intersection,Concrete,Piedmont,Urban,20 - 25  MPH,Stop And Go Signal,Clear,No
"35.967207108, -78.9566027153","{u'type': u'Point', u'coordinates': [-78.9566027152829, 35.96720710798347]}",9975,94,No,Durham,Durham,No,Monday,31JAN2011,Off Roadway,15,Non-Roadway,January,15:43,Off Roadway - Parking Lot,38830,2011,C: Possible Injury,Commercial,50-59,59,No,0-5 mph,O: No Injury,Asian,Female,Passenger Car,No,No,36,Daylight,Urban (>70% Developed),-79,Unknown,3,61-79,63,No,C: Possible Injury,Non-Roadway - Parking Lot / Other,Black,Female,Straight - Grade,Public Vehicular Area,Dry,"Two-Way, Not Divided",None,No Special Feature,Coarse Asphalt,Piedmont,Urban,5 - 15 MPH,No Control Present,Clear,No
"36.0110771178, -78.9485727156","{u'type': u'Point', u'coordinates': [-78.94857271563822, 36.011077117801236]}",9419,2082,Yes,Durham,Durham,No,Monday,06DEC2010,Crossing Roadway - Vehicle Turning,16,Intersection,December,16:34,Motorist Left Turn - Parallel Paths,13781,2010,B: Evident Injury,Residential,20-24,21,No,0-5 mph,O: No Injury,White,Female,Sport Utility,No,No,36,Daylight,Urban (>70% Developed),-79,3 lanes,3,31-40,39,No,B: Evident Injury,Travel Lane,Asian,Female,Curve - Grade,Local Street,Dry,"Two-Way, Not Divided",None,No Special Feature,Smooth Asphalt,Piedmont,Urban,30 - 35  MPH,Stop Sign,Clear,No
"35.8579270828, -79.0205027287","{u'type': u'Point', u'coordinates': [-79.02050272874435, 35.85792708279107]}",4241,1694,Yes,None - Rural Crash,Chatham,No,Monday,28APR2008,Backing Vehicle,15,Non-Intersection,April,15:00,Backing Vehicle - Roadway,23213,2008,B: Evident Injury,Residential,Unknown,Unknown,Missing,0-5 mph,Unknown Injury,Unknown/Missing,Unknown,Unknown,No,Yes,36,Daylight,Urban (>70% Developed),-79,2 lanes,2,71+,70+,No,B: Evident Injury,Travel Lane,White,Female,Straight - Level,Local Street,Dry,"Two-Way, Not Divided",None,"Driveway, Private",Smooth Asphalt,Piedmont,Rural,5 - 15 MPH,No Control Present,Clear,No
"35.9226600951, -79.0514527418","{u'type': u'Point', u'coordinates': [-79.05145274177406, 35.92266009509789]}",9250,1913,Yes,Chapel Hill,Orange,Yes,Saturday,30JAN2010,Pedestrian in Roadway - Circumstances Unknown,3,Intersection-Related,January,3:22,Walking in Roadway,43620,2010,B: Evident Injury,Residential,30-39,35,No,11-15 mph,O: No Injury,White,Male,Passenger Car,No,No,36,Dark - Roadway Not Lighted,Urban (>70% Developed),-79,2 lanes,2,26-30,29,Yes,B: Evident Injury,Travel Lane,Black,Male,Straight - Grade,Local Street,Snow,"Two-Way, Not Divided",Road Surface Condition,No Special Feature,Smooth Asphalt,Piedmont,Urban,20 - 25  MPH,No Control Present,"Snow, Sleet, Hail, Freezing Rain/Drizzle",No
"36.0164271196, -78.9456027145","{u'type': u'Point', u'coordinates': [-78.94560271452491, 36.016427119612786]}",6903,1984,Yes,Durham,Durham,Yes,Friday,16JAN2009,Crossing Roadway - Vehicle Not Turning,19,Non-Intersection,January,19:27,Pedestrian Failed to Yield,23760,2009,B: Evident Injury,Residential,20-24,24,No,36-40 mph,O: No Injury,White,Female,Passenger Car,No,No,36,Dark - Lighted Roadway,Urban (>70% Developed),-79,2 lanes,2,21-25,24,Yes,B: Evident Injury,Travel Lane,Black,Male,Straight - Level,Local Street,Dry,"Two-Way, Not Divided",None,No Special Feature,Smooth Asphalt,Piedmont,Urban,30 - 35  MPH,No Control Present,Clear,No
"35.9035770916, -79.0442027384","{u'type': u'Point', u'coordinates': [-79.04420273837353, 35.90357709159821]}",6687,1768,No,Chapel Hill,Orange,No,Monday,12JAN2009,Crossing Roadway - Vehicle Turning,19,Intersection,January,19:48,Motorist Left Turn - Parallel Paths,12781,2009,O: No Injury,Institutional,0-19,18,No,6-10 mph,O: No Injury,Asian,Female,Passenger Car,No,No,36,Dark - Lighted Roadway,Urban (>70% Developed),-79,4 lanes,2,41-50,45,No,O: No Injury,Crosswalk Area,White,Female,Straight - Level,Local Street,Dry,"Two-Way, Divided, Unprotected Median",None,No Special Feature,Smooth Asphalt,Piedmont,Urban,20 - 25  MPH,Stop And Go Signal,Clear,No
"35.900397091, -79.0389027363","{u'type': u'Point', u'coordinates': [-79.0389027363494, 35.90039709101222]}",4284,1737,No,Chapel Hill,Orange,No,Tuesday,22JAN2008,Crossing Roadway - Vehicle Turning,18,Non-Intersection,January,18:50,Motorist Left Turn - Parallel Paths,23781,2008,C: Possible Injury,Institutional,20-24,22,No,0-5 mph,O: No Injury,White,Male,Passenger Car,No,No,36,Dark - Lighted Roadway,Urban (>70% Developed),-79,4 lanes,2,16-20,19,No,C: Possible Injury,Travel Lane,White,Female,Straight - Grade,Local Street,Wet,"Two-Way, Not Divided",Other,No Special Feature,Smooth Asphalt,Piedmont,Urban,5 - 15 MPH,No Control Present,Rain,No
"35.9506871011, -79.0612287457","{u'type': u'Point', u'coordinates': [-79.06122874570839, 35.95068710110362]}",9312,1975,Yes,Chapel Hill,Orange,No,Wednesday,04AUG2010,Crossing Roadway - Vehicle Not Turning,14,Intersection,August,14:48,Pedestrian Failed to Yield,13760,2010,B: Evident Injury,Residential,40-49,49,No,21-25 mph,O: No Injury,White,Female,"Light Truck (Mini-Van, Panel)",No,No,36,Daylight,Urban (>70% Developed),-79,2 lanes,2,11-15,13,No,B: Evident Injury,Travel Lane,Black,Male,Straight - Bottom,Local Street,Dry,"Two-Way, Not Divided",None,No Special Feature,Smooth Asphalt,Piedmont,Urban,30 - 35  MPH,"Double Yellow Line, No Passing Zone",Clear,No
"35.9215270987, -78.9607027141","{u'type': u'Point', u'coordinates': [-78.96070271410474, 35.9215270986946]}",15214,209,Yes,Durham,Durham,No,Wednesday,08FEB2012,Unusual Circumstances,8,Non-Intersection,February,8:54,Vehicle-Vehicle / Object,,2012,,Commercial,30-39,34,No,21-25 mph,O: No Injury,Other,Female,Van,No,No,36,Daylight,Mixed (30% To 70% Developed),-79,3 lanes,3,16-20,16,No,C: Possible Injury,Crosswalk Area,Black,Male,Straight - Hillcrest,Local Street,Dry,"Two-Way, Divided, Unprotected Median",None,No Special Feature,Smooth Asphalt,Piedmont,Urban,20 - 25  MPH,Other,Cloudy,No
"35.9658671077, -78.9553027152","{u'type': u'Point', u'coordinates': [-78.95530271521002, 35.96586710767428]}",16382,1377,Yes,Durham,Durham,No,Monday,11JUN2012,Other / Unknown - Insufficient Details,21,Intersection,June,21:14,Intersection - Other / Unknown,,2012,,Commercial,50-59,52,No,16-20 mph,O: No Injury,Black,Male,Passenger Car,No,No,36,Dark - Lighted Roadway,Urban (>70% Developed),-79,5 lanes,2,61-79,68,No,B: Evident Injury,Crosswalk Area,Black,Male,Straight - Level,Local Street,Dry,"Two-Way, Not Divided",None,Four-Way Intersection,Smooth Asphalt,Piedmont,Urban,30 - 35  MPH,Stop And Go Signal,Cloudy,No
"35.9156170937, -79.0573027433","{u'type': u'Point', u'coordinates': [-79.05730274331464, 35.91561709369368]}",12156,2275,Yes,Chapel Hill,Orange,No,Tuesday,06DEC2011,Crossing Roadway - Vehicle Not Turning,3,Intersection-Related,December,3:38,Motorist Failed to Yield,42770,2011,B: Evident Injury,Residential,Unknown,Unknown,Missing,6-10 mph,Unknown Injury,Unknown/Missing,Unknown,Unknown,No,Yes,36,Dark - Lighted Roadway,Urban (>70% Developed),-79,2 lanes,2,26-30,28,No,B: Evident Injury,Crosswalk Area,Asian,Male,Straight - Level,Local Street,Dry,"Two-Way, Not Divided",None,No Special Feature,Smooth Asphalt,Piedmont,Urban,20 - 25  MPH,No Control Present,Clear,No
"35.9949071149, -78.9470027137","{u'type': u'Point', u'coordinates': [-78.94700271367502, 35.99490711488825]}",6864,1945,Yes,Durham,Durham,No,Friday,20NOV2009,Crossing Roadway - Vehicle Turning,22,Intersection,November,22:09,Motorist Left Turn - Parallel Paths,12781,2009,C: Possible Injury,Institutional,Unknown,Unknown,Missing,0-5 mph,Unknown Injury,Unknown/Missing,Unknown,Unknown,No,Yes,36,Unknown,Urban (>70% Developed),-79,5 lanes,2,16-20,19,No,C: Possible Injury,Crosswalk Area,Black,Female,Straight - Level,NC Route,Dry,"Two-Way, Not Divided",None,T-Intersection,Smooth Asphalt,Piedmont,Urban,30 - 35  MPH,Stop And Go Signal,Clear,No
"36.0075800004, -78.9461000002","{u'type': u'Point', u'coordinates': [-78.9461000002368, 36.0075800003901]}",13379,,No,Durham,Durham,No,Friday,21JUN2013,Crossing Roadway - Vehicle Turning,9,Intersection,June,9:26,Motorist Left Turn - Parallel Paths,,2013,B: Evident Injury,Commercial,40-49,40,No,0-5 mph,O: No Injury,Black,Female,Passenger Car,No,No,36,Daylight,Urban (>70% Developed),-79,4 lanes,2,26-30,27,No,B: Evident Injury,Crosswalk Area,Asian,Female,Straight - Level,Local Street,Dry,"Two-Way, Not Divided",None,No Special Feature,Smooth Asphalt,Piedmont,Urban,30 - 35  MPH,Stop And Go Signal,Clear,No
"35.9681471082, -78.9551027151","{u'type': u'Point', u'coordinates': [-78.95510271511333, 35.968147108244]}",17779,2774,Yes,Durham,Durham,No,Tuesday,18DEC2012,Crossing Roadway - Vehicle Turning,16,Intersection,December,16:44,Motorist Left Turn - Parallel Paths,,2012,,Commercial,40-49,45,No,Unknown,O: No Injury,White,Female,Passenger Car,No,No,36,Daylight,Urban (>70% Developed),-79,5 lanes,2,41-50,47,No,B: Evident Injury,Travel Lane,Black,Male,Straight - Level,Local Street,Dry,"Two-Way, Not Divided",None,No Special Feature,Smooth Asphalt,Piedmont,Urban,30 - 35  MPH,Stop And Go Signal,Clear,No
"35.9036470913, -79.0463027386","{u'type': u'Point', u'coordinates': [-79.04630273862125, 35.90364709132333]}",1960,1960,No,Chapel Hill,Orange,No,Tuesday,09OCT2007,Crossing Roadway - Vehicle Turning,13,Intersection,October,13:12,Motorist Left Turn - Parallel Paths,1781,2007,O: No Injury,Institutional,30-39,30,No,0-5 mph,O: No Injury,White,Female,Passenger Car,No,No,36,Daylight,Urban (>70% Developed),-79,1 lane,2,16-20,19,No,O: No Injury,Crosswalk Area,White,Male,Curve - Grade,Local Street,Dry,"Two-Way, Divided, Unprotected Median",None,No Special Feature,Gravel,Piedmont,Urban,20 - 25  MPH,Flashing Signal Without Stop Sign,Clear,No
"36.0060871163, -78.9525027163","{u'type': u'Point', u'coordinates': [-78.95250271625915, 36.00608711632194]}",15872,867,Yes,Durham,Durham,No,Saturday,28APR2012,Backing Vehicle,16,Non-Roadway,April,16:00,Backing Vehicle - Parking Lot,,2012,,Residential,Unknown,Unknown,Missing,0-5 mph,Unknown Injury,Unknown/Missing,Unknown,Passenger Car,No,Yes,36,Daylight,Urban (>70% Developed),-79,2 lanes,2,6-10,7,No,C: Possible Injury,Non-Roadway - Parking Lot / Other,Black,Male,Straight - Level,Public Vehicular Area,Dry,"Two-Way, Not Divided",None,No Special Feature,Smooth Asphalt,Piedmont,Urban,5 - 15 MPH,No Control Present,Cloudy,No
"35.9405070972, -79.1070027596","{u'type': u'Point', u'coordinates': [-79.10700275961207, 35.94050709724615]}",16064,1059,Yes,None - Rural Crash,Orange,No,Tuesday,22MAY2012,Walking Along Roadway,23,Intersection-Related,May,23:43,Walking Along Roadway With Traffic - From Behind,,2012,,"Farms, Woods, Pastures",0-19,18,No,41-45 mph,O: No Injury,White,Female,Van,No,No,36,Dark - Roadway Not Lighted,Rural (<30% Developed),-79,2 lanes,2,16-20,19,No,B: Evident Injury,Travel Lane,White,Male,Straight - Level,State Secondary Route,Dry,"Two-Way, Not Divided",None,No Special Feature,Smooth Asphalt,Piedmont,Rural,40 - 45  MPH,"Double Yellow Line, No Passing Zone",Cloudy,No
"35.9165670946, -79.0498027408","{u'type': u'Point', u'coordinates': [-79.04980274079024, 35.91656709457217]}",11209,1328,Yes,Chapel Hill,Orange,No,Thursday,18AUG2011,Crossing Roadway - Vehicle Turning,19,Intersection,August,19:43,Motorist Left Turn - Parallel Paths,12781,2011,C: Possible Injury,Commercial,20-24,23,No,6-10 mph,O: No Injury,White,Male,Pickup,No,No,36,Daylight,Urban (>70% Developed),-79,2 lanes,2,16-20,20,No,C: Possible Injury,Crosswalk Area,Black,Female,Straight - Level,Local Street,Dry,"Two-Way, Not Divided",None,Four-Way Intersection,Smooth Asphalt,Piedmont,Urban,20 - 25  MPH,Stop And Go Signal,Clear,No
"35.9052170905, -79.0860027506","{u'type': u'Point', u'coordinates': [-79.08600275064309, 35.90521709052861]}",1965,1965,No,Carrboro,Orange,No,Tuesday,11DEC2007,Crossing Roadway - Vehicle Not Turning,17,Non-Intersection,December,17:37,Pedestrian Failed to Yield,2760,2007,C: Possible Injury,Residential,20-24,24,No,41-45 mph,O: No Injury,White,Female,Passenger Car,No,No,36,Dark - Roadway Not Lighted,Mixed (30% To 70% Developed),-79,4 lanes,2,Unknown,Unknown,No,C: Possible Injury,Travel Lane,Unknown/Missing,Unknown,Curve - Level,NC Route,Dry,"Two-Way, Divided, Unprotected Median",None,No Special Feature,Smooth Asphalt,Piedmont,Urban,40 - 45  MPH,No Control Present,Clear,No
"35.9086670921, -79.0565027424","{u'type': u'Point', u'coordinates': [-79.05650274235461, 35.90866709206548]}",6698,1779,No,Chapel Hill,Orange,No,Friday,08MAY2009,Off Roadway,17,Non-Roadway,May,17:21,Off Roadway - Other / Unknown,38890,2009,O: No Injury,Institutional,20-24,22,No,0-5 mph,O: No Injury,Black,Male,Passenger Car,No,No,36,Daylight,Urban (>70% Developed),-79,Unknown,2,61-79,68,No,O: No Injury,Non-Roadway - Parking Lot / Other,White,Male,Straight - Level,Public Vehicular Area,Dry,"Two-Way, Not Divided",None,"Driveway, Public",Coarse Asphalt,Piedmont,Urban,5 - 15 MPH,No Control Present,Clear,No
"35.913997093, -79.0557627426","{u'type': u'Point', u'coordinates': [-79.0557627425871, 35.91399709302352]}",9234,1897,No,Chapel Hill,Orange,No,Tuesday,20JUL2010,Backing Vehicle,13,Non-Roadway,July,13:20,Backing Vehicle - Parking Lot,38214,2010,C: Possible Injury,Commercial,Unknown,Unknown,Missing,0-5 mph,Unknown Injury,Unknown/Missing,Unknown,Unknown,No,Yes,36,Daylight,Urban (>70% Developed),-79,Unknown,2,31-40,37,No,C: Possible Injury,Non-Roadway - Parking Lot / Other,Black,Male,Straight - Level,Public Vehicular Area,Dry,"Two-Way, Not Divided",None,"Driveway, Public",Smooth Asphalt,Piedmont,Urban,5 - 15 MPH,No Control Present,Cloudy,No
"35.9101870925, -79.0633027442","{u'type': u'Point', u'coordinates': [-79.06330274419851, 35.910187092539324]}",15640,635,Yes,Chapel Hill,Orange,Yes,Tuesday,20MAR2012,Unusual Circumstances,1,Intersection,March,1:24,Pedestrian Loss of Control,,2012,,Commercial,25-29,25,No,16-20 mph,O: No Injury,White,Female,Passenger Car,No,No,36,Dark - Lighted Roadway,Urban (>70% Developed),-79,4 lanes,2,16-20,19,Yes,B: Evident Injury,Crosswalk Area,White,Male,Straight - Level,Local Street,Wet,"Two-Way, Not Divided",None,Four-Way Intersection,Smooth Asphalt,Piedmont,Urban,20 - 25  MPH,"Double Yellow Line, No Passing Zone",Rain,No