Geo Point,Geo Shape,objectid_1,objectid,Ambulance,City,County,crashalcoh,Day of Week,Date,Cause of Crash,Hour of Crash,Location of Crash,Crash Month,Crash Time,Crash Type,crash_ty_1,Crash Year,crsh_sevri,Development,drvrage_gr,Driver Age,drvr_alc_d,drvr_estep,Driver Injury,Driver Race,Driver Sex,Vehicle Type,excsspdind,Hit and Run,latitude,Light Conditions,Locality,longitude,Number of Lanes,Number of Units,Pedestrian Age Group,Pedestrian Age,ped_alc_dr,Pedestrian Injury,Pedestrian Position,Pedestrian Race,Pedestrian Sex,Road Characteristic,Road Class,rd_conditi,Road Configuration,Road Defects,Road Feature,Road Surface,Region,Rural/Urban,Speed Limit,Traffic Control,Weather,Workzone
"35.9283590975, -79.025446734","{u'type': u'Point', u'coordinates': [-79.02544673397416, 35.92835909750751]}",9264,1927,Yes,Chapel Hill,Orange,No,Saturday,17JUL2010,Off Roadway,15,Non-Roadway,July,15:10,Off Roadway - Parking Lot,38830,2010,B: Evident Injury,Commercial,60-69,62,No,0-5 mph,O: No Injury,White,Female,Passenger Car,No,No,36,Daylight,Urban (>70% Developed),-79,2 lanes,2,21-25,24,No,B: Evident Injury,Non-Roadway - Parking Lot / Other,Black,Female,Straight - Level,Public Vehicular Area,Wet,"Two-Way, Not Divided",None,No Special Feature,Coarse Asphalt,Piedmont,Urban,5 - 15 MPH,No Control Present,Cloudy,No
"36.0001171158, -78.9441027133","{u'type': u'Point', u'coordinates': [-78.94410271330125, 36.00011711584462]}",6874,1955,Yes,Durham,Durham,No,Sunday,22FEB2009,Crossing Roadway - Vehicle Turning,21,Intersection,February,21:59,Motorist Right Turn - Parallel Paths,12791,2009,C: Possible Injury,Institutional,30-39,32,No,11-15 mph,O: No Injury,Black,Male,Passenger Car,No,No,36,Dark - Lighted Roadway,Urban (>70% Developed),-79,2 lanes,2,16-20,20,No,C: Possible Injury,Crosswalk Area,White,Male,Straight - Level,Local Street,Dry,"Two-Way, Not Divided",None,Four-Way Intersection,Smooth Asphalt,Piedmont,Urban,20 - 25  MPH,Stop And Go Signal,Clear,No
"35.9672171084, -78.9458027119","{u'type': u'Point', u'coordinates': [-78.9458027119054, 35.967217108411994]}",12003,2122,Yes,Durham,Durham,Yes,Sunday,20NOV2011,Dash / Dart-Out,21,Non-Intersection,November,21:28,Dash,23741,2011,C: Possible Injury,Commercial,30-39,33,No,31-35 mph,O: No Injury,Black,Male,Passenger Car,No,No,36,Dark - Lighted Roadway,Urban (>70% Developed),-79,5 lanes,2,26-30,28,Yes,C: Possible Injury,Travel Lane,Black,Male,Straight - Level,Local Street,Dry,"Two-Way, Not Divided",None,No Special Feature,Smooth Asphalt,Piedmont,Urban,30 - 35  MPH,No Control Present,Clear,No
"35.914837094, -79.0552027423","{u'type': u'Point', u'coordinates': [-79.05520274225836, 35.914837093998436]}",16586,1581,No,Chapel Hill,Orange,No,Sunday,15JUL2012,Unusual Circumstances,13,Non-Roadway,July,13:45,Driverless Vehicle,,2012,,Commercial,Unknown,Unknown,Missing,0-5 mph,Unknown Injury,Unknown/Missing,Unknown,Sport Utility,No,No,36,Daylight,Urban (>70% Developed),-79,Unknown,4,26-30,26,No,C: Possible Injury,Non-Roadway - Parking Lot / Other,White,Female,Straight - Grade,Public Vehicular Area,Dry,"One-Way, Not Divided",None,No Special Feature,Coarse Asphalt,Piedmont,Urban,Unknown,No Control Present,Clear,No
"35.9292370976, -79.0270027348","{u'type': u'Point', u'coordinates': [-79.02700273477924, 35.92923709756731]}",10144,263,No,Chapel Hill,Orange,No,Wednesday,02FEB2011,Off Roadway,21,Non-Roadway,February,21:42,Off Roadway - Parking Lot,38830,2011,C: Possible Injury,Commercial,30-39,32,No,0-5 mph,O: No Injury,Black,Male,Passenger Car,No,No,36,Dark - Lighted Roadway,Urban (>70% Developed),-79,Unknown,2,51-60,57,No,C: Possible Injury,Non-Roadway - Parking Lot / Other,White,Female,Straight - Level,Public Vehicular Area,Unknown,"Two-Way, Not Divided",Unknown,No Special Feature,Smooth Asphalt,Piedmont,Urban,5 - 15 MPH,No Control Present,Clear,No
"35.9043970913, -79.0545027416","{u'type': u'Point', u'coordinates': [-79.0545027416219, 35.904397091326764]}",4300,1753,Yes,Chapel Hill,Orange,No,Thursday,15MAY2008,Unusual Circumstances,10,Intersection-Related,May,10:56,Pedestrian Loss of Control,43160,2008,K: Killed,Institutional,50-59,53,No,11-15 mph,O: No Injury,Black,Female,Commercial Bus,No,No,36,Daylight,Urban (>70% Developed),-79,5 lanes,2,16-20,20,No,K: Killed,Travel Lane,White,Female,Straight - Grade,Local Street,Dry,"Two-Way, Not Divided",None,Related To Intersection,Smooth Asphalt,Piedmont,Urban,20 - 25  MPH,Stop And Go Signal,Cloudy,No
"35.9066870932, -79.0243027326","{u'type': u'Point', u'coordinates': [-79.0243027325989, 35.90668709315096]}",6693,1774,No,Chapel Hill,Orange,No,Monday,12JAN2009,Backing Vehicle,14,Non-Intersection,January,14:40,Backing Vehicle - Roadway,23213,2009,B: Evident Injury,Institutional,40-49,43,No,0-5 mph,O: No Injury,Other,Female,Passenger Car,No,No,36,Daylight,Urban (>70% Developed),-79,2 lanes,2,31-40,39,No,B: Evident Injury,Travel Lane,Asian,Female,Straight - Level,Local Street,Unknown,"Two-Way, Not Divided",None,No Special Feature,Smooth Asphalt,Piedmont,Urban,Unknown,No Control Present,Other,No
"35.9451101012, -79.0115327309","{u'type': u'Point', u'coordinates': [-79.0115327308695, 35.94511010124853]}",9296,1959,No,Chapel Hill,Orange,Yes,Monday,06DEC2010,Dash / Dart-Out,17,Non-Intersection,December,17:31,Dash,23741,2010,C: Possible Injury,Commercial,30-39,34,No,31-35 mph,O: No Injury,White,Male,Sport Utility,No,No,36,Dark - Roadway Not Lighted,Urban (>70% Developed),-79,5 lanes,2,31-40,38,Yes,C: Possible Injury,Travel Lane,White,Male,Straight - Level,US Route,Dry,"Two-Way, Divided, Unprotected Median",None,No Special Feature,Smooth Asphalt,Piedmont,Urban,40 - 45  MPH,No Control Present,Cloudy,No
"35.9080770919, -79.0584027427","{u'type': u'Point', u'coordinates': [-79.05840274269028, 35.9080770918525]}",1972,1972,Yes,Chapel Hill,Orange,No,Wednesday,12DEC2007,Crossing Roadway - Vehicle Not Turning,13,Intersection,December,13:21,Pedestrian Failed to Yield,1760,2007,B: Evident Injury,Residential,70+,70+,No,11-15 mph,O: No Injury,White,Male,Passenger Car,No,No,36,Daylight,Urban (>70% Developed),-79,2 lanes,2,16-20,18,No,B: Evident Injury,Travel Lane,White,Female,Straight - Level,Local Street,Dry,"Two-Way, Not Divided",None,T-Intersection,Smooth Asphalt,Piedmont,Urban,20 - 25  MPH,Stop Sign,Clear,No
"35.9130670931, -79.0557027421","{u'type': u'Point', u'coordinates': [-79.05570274211594, 35.91306709307936]}",1991,1991,Yes,Chapel Hill,Orange,No,Sunday,18MAR2007,Multiple Threat / Trapped,16,Intersection,March,16:42,Trapped,1730,2007,C: Possible Injury,Commercial,30-39,35,No,11-15 mph,O: No Injury,White,Female,Passenger Car,No,No,36,Daylight,Urban (>70% Developed),-79,5 lanes,2,41-50,47,No,C: Possible Injury,Crosswalk Area,White,Female,Straight - Level,Local Street,Dry,"Two-Way, Not Divided",None,Four-Way Intersection,Smooth Asphalt,Piedmont,Urban,20 - 25  MPH,Stop And Go Signal,Clear,No
"35.9135099999, -79.0575999999","{u'type': u'Point', u'coordinates': [-79.05759999994868, 35.91350999987683]}",13002,,No,Chapel Hill,Orange,Yes,Sunday,21APR2013,Dash / Dart-Out,0,Intersection,April,0:48,Dash,,2013,C: Possible Injury,Commercial,50-59,57,No,16-20 mph,O: No Injury,White,Female,Sport Utility,No,No,36,Dark - Lighted Roadway,Urban (>70% Developed),-79,2 lanes,2,21-25,21,Yes,C: Possible Injury,Intersection Proper,White,Male,Straight - Level,Local Street,Dry,"Two-Way, Not Divided",None,T-Intersection,Smooth Asphalt,Piedmont,Urban,20 - 25  MPH,Stop Sign,Clear,No
"35.9136570927, -79.07950275","{u'type': u'Point', u'coordinates': [-79.07950274995216, 35.913657092695935]}",11191,1310,Yes,Durham,Durham,No,Monday,22AUG2011,Multiple Threat / Trapped,14,Intersection,August,14:53,Trapped,12730,2011,C: Possible Injury,Commercial,Unknown,Unknown,Missing,16-20 mph,Unknown Injury,Unknown/Missing,Unknown,Passenger Car,No,Yes,36,Daylight,Urban (>70% Developed),-79,4 lanes,2,41-50,45,No,C: Possible Injury,Crosswalk Area,White,Male,Straight - Level,Local Street,Dry,"Two-Way, Divided, Unprotected Median",None,On or Off Ramp,Coarse Asphalt,Piedmont,Urban,30 - 35  MPH,Stop And Go Signal,Clear,No
"35.8853670869, -79.0712027457","{u'type': u'Point', u'coordinates': [-79.07120274568375, 35.88536708694595]}",6658,1739,Yes,Chapel Hill,Orange,No,Sunday,14JUN2009,Unique Midblock,17,Intersection,June,17:49,Ice Cream / Vendor Truck-Related,11360,2009,B: Evident Injury,Residential,40-49,46,No,0-5 mph,O: No Injury,White,Female,Sport Utility,No,No,36,Daylight,Urban (>70% Developed),-79,2 lanes,2,11-15,15,No,B: Evident Injury,Intersection Proper,White,Male,Straight - Grade,Local Street,Dry,"Two-Way, Not Divided",None,T-Intersection,Smooth Asphalt,Piedmont,Urban,20 - 25  MPH,Stop Sign,Cloudy,No
"35.9095670921, -79.066102745","{u'type': u'Point', u'coordinates': [-79.06610274499917, 35.90956709210187]}",11276,1395,Yes,Carrboro,Orange,No,Monday,29AUG2011,Unusual Circumstances,11,Non-Roadway,August,11:33,Motor Vehicle Loss of Control,38150,2011,C: Possible Injury,Commercial,70+,70+,No,0-5 mph,O: No Injury,White,Female,Passenger Car,No,No,36,Daylight,Urban (>70% Developed),-79,Unknown,2,31-40,31,No,C: Possible Injury,Non-Roadway - Parking Lot / Other,Black,Male,Unknown,Public Vehicular Area,Dry,Unknown,None,No Special Feature,Coarse Asphalt,Piedmont,Urban,Unknown,No Control Present,Clear,No
"35.9081870934, -79.0240027325","{u'type': u'Point', u'coordinates': [-79.02400273246725, 35.908187093401686]}",1973,1973,No,Chapel Hill,Orange,No,Sunday,09DEC2007,Crossing Roadway - Vehicle Not Turning,2,Intersection,December,2:00,Motorist Failed to Yield,1770,2007,B: Evident Injury,Commercial,Unknown,Unknown,Missing,41-45 mph,Unknown Injury,Unknown/Missing,Unknown,Unknown,No,Yes,36,Dark - Lighted Roadway,Urban (>70% Developed),-79,4 lanes,2,21-25,21,No,B: Evident Injury,Crosswalk Area,Native American,Female,Straight - Level,NC Route,Dry,"Two-Way, Divided, Unprotected Median",None,Four-Way Intersection,Smooth Asphalt,Piedmont,Urban,30 - 35  MPH,Stop And Go Signal,Clear,No
"35.9452371013, -79.0117027304","{u'type': u'Point', u'coordinates': [-79.01170273038232, 35.94523710132918]}",6766,1847,Yes,Chapel Hill,Orange,No,Friday,27MAR2009,Crossing Expressway,23,Non-Intersection,March,23:25,Crossing an Expressway,23910,2009,B: Evident Injury,Commercial,50-59,53,No,41-45 mph,O: No Injury,Black,Male,"Light Truck (Mini-Van, Panel)",No,No,36,Dark - Lighted Roadway,Urban (>70% Developed),-79,6 lanes,2,26-30,29,No,B: Evident Injury,Travel Lane,White,Male,Straight - Level,US Route,Wet,"Two-Way, Divided, Unprotected Median",None,No Special Feature,Smooth Asphalt,Piedmont,Urban,40 - 45  MPH,No Control Present,Rain,No
"35.9127070955, -78.9840267206","{u'type': u'Point', u'coordinates': [-78.98402672064837, 35.912707095531474]}",9231,1894,No,Durham,Durham,No,Sunday,12SEP2010,Unusual Circumstances,12,Non-Roadway,September,12:17,Driverless Vehicle,38220,2010,O: No Injury,Commercial,70+,70+,No,6-10 mph,O: No Injury,White,Female,Passenger Car,No,No,36,Daylight,Urban (>70% Developed),-79,2 lanes,6,6-10,6,No,O: No Injury,Non-Roadway - Parking Lot / Other,White,Female,Straight - Level,Public Vehicular Area,Dry,"Two-Way, Not Divided",None,No Special Feature,Smooth Asphalt,Piedmont,Urban,5 - 15 MPH,No Control Present,Clear,No
"35.9446751018, -79.0017427273","{u'type': u'Point', u'coordinates': [-79.00174272732707, 35.94467510180428]}",9294,1957,Yes,None - Rural Crash,Orange,No,Thursday,16DEC2010,Crossing Roadway - Vehicle Not Turning,17,Intersection-Related,December,17:17,Pedestrian Failed to Yield,43760,2010,A: Disabling Injury,Residential,25-29,25,No,31-35 mph,O: No Injury,Black,Female,Passenger Car,No,No,36,Dark - Roadway Not Lighted,Urban (>70% Developed),-79,3 lanes,2,41-50,47,No,A: Disabling Injury,Travel Lane,White,Female,Straight - Grade,Local Street,Wet,"Two-Way, Not Divided",None,No Special Feature,Smooth Asphalt,Piedmont,Rural,30 - 35  MPH,No Control Present,Rain,No
"35.9950371146, -78.9470027137","{u'type': u'Point', u'coordinates': [-78.9470027136718, 35.99503711464651]}",10508,627,Yes,Durham,Durham,No,Tuesday,19APR2011,Crossing Roadway - Vehicle Turning,16,Intersection,April,16:43,Motorist Right Turn - Parallel Paths,12791,2011,C: Possible Injury,Institutional,40-49,49,No,0-5 mph,O: No Injury,Asian,Male,Passenger Car,No,No,36,Daylight,Urban (>70% Developed),-79,4 lanes,2,21-25,25,No,C: Possible Injury,Crosswalk Area,White,Female,Straight - Level,Local Street,Dry,"Two-Way, Not Divided",None,No Special Feature,Smooth Asphalt,Piedmont,Urban,30 - 35  MPH,Stop And Go Signal,Clear,No
"36.0015271162, -78.9472027142","{u'type': u'Point', u'coordinates': [-78.94720271421238, 36.00152711616027]}",17898,2893,Yes,Durham,Durham,No,Thursday,20DEC2012,Working or Playing in Roadway,18,Intersection,December,18:23,Working in Roadway,,2012,,Institutional,70+,70+,No,0-5 mph,O: No Injury,White,Female,Passenger Car,No,No,36,Daylight,Urban (>70% Developed),-79,9 or more lanes,2,41-50,43,No,B: Evident Injury,Intersection Proper,Black,Male,Straight - Hillcrest,Local Street,Wet,"Two-Way, Not Divided",None,Four-Way Intersection,Smooth Asphalt,Piedmont,Urban,20 - 25  MPH,Stop Sign,Rain,No
"35.9176170936, -79.0749027485","{u'type': u'Point', u'coordinates': [-79.0749027484592, 35.91761709358738]}",2001,2001,Yes,Carrboro,Orange,No,Sunday,06MAY2007,Crossing Roadway - Vehicle Turning,13,Intersection,May,13:50,Motorist Left Turn - Parallel Paths,1781,2007,C: Possible Injury,Residential,20-24,24,No,11-15 mph,O: No Injury,White,Male,Passenger Car,No,No,36,Daylight,Rural (<30% Developed),-79,2 lanes,2,21-25,25,No,C: Possible Injury,Crosswalk Area,Asian,Female,Straight - Level,Local Street,Dry,"Two-Way, Not Divided",None,T-Intersection,Smooth Asphalt,Piedmont,Urban,30 - 35  MPH,Stop And Go Signal,Clear,No
"35.8938699996, -79.0770999998","{u'type': u'Point', u'coordinates': [-79.07709999981351, 35.893869999609386]}",14965,,Yes,Carrboro,Orange,No,Friday,20DEC2013,Crossing Roadway - Vehicle Turning,13,Intersection,December,13:39,Motorist Left Turn - Parallel Paths,,2013,B: Evident Injury,Residential,50-59,50,No,6-10 mph,O: No Injury,White,Male,Passenger Car,No,No,36,Daylight,Urban (>70% Developed),-79,3 lanes,2,26-30,29,No,B: Evident Injury,Crosswalk Area,White,Female,Straight - Grade,Local Street,Dry,"Two-Way, Not Divided",None,Related To Intersection,Smooth Asphalt,Piedmont,Urban,30 - 35  MPH,Stop And Go Signal,Cloudy,Yes
"35.9131999997, -79.0557999998","{u'type': u'Point', u'coordinates': [-79.05579999981666, 35.913199999715104]}",12626,,No,Chapel Hill,Orange,No,Thursday,07FEB2013,Crossing Roadway - Vehicle Not Turning,21,Non-Intersection,February,21:08,Motorist Failed to Yield,,2013,B: Evident Injury,Institutional,50-59,50,No,16-20 mph,O: No Injury,White,Female,Van,No,No,36,Dark - Lighted Roadway,Urban (>70% Developed),-79,2 lanes,2,16-20,19,No,B: Evident Injury,Crosswalk Area,White,Male,Straight - Level,Local Street,Wet,"Two-Way, Not Divided",None,No Special Feature,Smooth Asphalt,Piedmont,Urban,20 - 25  MPH,Other,Rain,No
"36.0128671181, -78.9468027144","{u'type': u'Point', u'coordinates': [-78.94680271436599, 36.012867118050835]}",15809,804,Yes,Durham,Durham,No,Sunday,22APR2012,Off Roadway,15,Non-Roadway,April,15:20,Off Roadway - Other / Unknown,,2012,,Residential,Unknown,Unknown,Missing,11-15 mph,Unknown Injury,Unknown/Missing,Unknown,Pickup,No,Yes,36,Daylight,Urban (>70% Developed),-79,2 lanes,2,16-20,20,No,C: Possible Injury,Driveway / Alley,Black,Female,Straight - Level,Public Vehicular Area,Wet,"Two-Way, Not Divided",None,No Special Feature,Smooth Asphalt,Piedmont,Urban,5 - 15 MPH,Stop Sign,Rain,No
"35.9030770945, -78.955702712","{u'type': u'Point', u'coordinates': [-78.95570271197548, 35.90307709454629]}",1956,1956,No,Durham,Durham,No,Sunday,25MAR2007,Off Roadway,15,Non-Roadway,March,15:53,Off Roadway - Parking Lot,3830,2007,B: Evident Injury,Commercial,30-39,35,No,11-15 mph,O: No Injury,White,Female,Passenger Car,No,No,36,Daylight,Urban (>70% Developed),-79,2 lanes,2,41-50,42,No,B: Evident Injury,Non-Roadway - Parking Lot / Other,White,Female,Straight - Level,Public Vehicular Area,Dry,"Two-Way, Not Divided",None,No Special Feature,Smooth Asphalt,Piedmont,Urban,Unknown,No Control Present,Clear,No
"35.909037093, -79.0490027403","{u'type': u'Point', u'coordinates': [-79.04900274032626, 35.90903709295071]}",6700,1781,Yes,Chapel Hill,Orange,No,Thursday,23APR2009,Crossing Roadway - Vehicle Not Turning,13,Non-Intersection,April,13:12,Motorist Failed to Yield,22770,2009,B: Evident Injury,Institutional,60-69,68,No,26-30 mph,O: No Injury,White,Male,Passenger Car,No,No,36,Daylight,Mixed (30% To 70% Developed),-79,2 lanes,2,16-20,18,No,B: Evident Injury,Crosswalk Area,White,Female,Straight - Grade,Local Street,Dry,"Two-Way, Divided, Positive Median Barrier",None,No Special Feature,Smooth Asphalt,Piedmont,Urban,20 - 25  MPH,No Control Present,Clear,No
"35.9545771044, -78.9905027246","{u'type': u'Point', u'coordinates': [-78.9905027246223, 35.95457710437244]}",17347,2342,Yes,Durham,Durham,No,Tuesday,23OCT2012,Dash / Dart-Out,22,Intersection,October,22:07,Dash,,2012,,Commercial,25-29,26,No,41-45 mph,O: No Injury,White,Female,Passenger Car,No,No,36,Dark - Lighted Roadway,Mixed (30% To 70% Developed),-79,5 lanes,2,16-20,18,No,B: Evident Injury,Travel Lane,Black,Female,Straight - Level,Local Street,Dry,"One-Way, Not Divided",None,No Special Feature,Smooth Asphalt,Piedmont,Urban,40 - 45  MPH,No Control Present,Clear,No
"35.9056570954, -78.9456027089","{u'type': u'Point', u'coordinates': [-78.94560270894353, 35.90565709540247]}",1966,1966,No,Durham,Durham,No,Thursday,03MAY2007,Backing Vehicle,17,Non-Roadway,May,17:03,Backing Vehicle - Parking Lot,3214,2007,C: Possible Injury,Commercial,0-19,15,No,0-5 mph,O: No Injury,White,Female,Passenger Car,No,No,36,Daylight,Urban (>70% Developed),-79,Unknown,2,21-25,21,No,C: Possible Injury,Non-Roadway - Parking Lot / Other,Other,Female,Straight - Level,Public Vehicular Area,Dry,"Two-Way, Not Divided",None,No Special Feature,Smooth Asphalt,Piedmont,Urban,30 - 35  MPH,No Control Present,Cloudy,No
"35.9467699998, -79.0216","{u'type': u'Point', u'coordinates': [-79.02160000002446, 35.946769999818045]}",14975,,Yes,Chapel Hill,Orange,No,Thursday,26DEC2013,Unusual Circumstances,18,Non-Roadway,December,18:09,Driverless Vehicle,,2013,A: Disabling Injury,Residential,Unknown,Unknown,Missing,0-5 mph,Unknown Injury,Unknown/Missing,Unknown,Van,No,No,36,Dark - Lighted Roadway,Urban (>70% Developed),-79,2 lanes,2,71+,0,No,A: Disabling Injury,Non-Roadway - Parking Lot / Other,White,Female,Straight - Level,Local Street,Dry,"Two-Way, Not Divided",None,No Special Feature,Smooth Asphalt,Piedmont,Urban,20 - 25  MPH,No Control Present,Clear,No
"36.0048171168, -78.9544027167","{u'type': u'Point', u'coordinates': [-78.95440271666224, 36.00481711677197]}",15583,578,Yes,Durham,Durham,No,Thursday,22MAR2012,Crossing Driveway or Alley,7,Non-Intersection,March,7:52,Motorist Exiting Driveway or Alley,,2012,,Residential,30-39,32,No,0-5 mph,O: No Injury,Hispanic,Male,Sport Utility,No,No,36,Daylight,Urban (>70% Developed),-79,2 lanes,2,31-40,35,No,C: Possible Injury,Sidewalk / Shared Use Path / Driveway Crossing,Black,Male,Straight - Level,Local Street,Dry,"Two-Way, Not Divided",None,No Special Feature,Smooth Asphalt,Piedmont,Urban,5 - 15 MPH,No Control Present,Clear,No
"35.9624371034, -79.0546027449","{u'type': u'Point', u'coordinates': [-79.05460274493156, 35.96243710341446]}",2083,2083,Yes,Chapel Hill,Orange,No,Wednesday,21NOV2007,Unusual Circumstances,10,Non-Roadway,November,10:38,Vehicle-Vehicle / Object,3140,2007,B: Evident Injury,Commercial,50-59,55,No,0-5 mph,O: No Injury,White,Female,Passenger Car,No,No,36,Daylight,Urban (>70% Developed),-79,Unknown,2,71+,70+,No,B: Evident Injury,Non-Roadway - Parking Lot / Other,Other,Female,Straight - Level,Public Vehicular Area,Dry,"Two-Way, Not Divided",None,"Driveway, Public",Smooth Asphalt,Piedmont,Urban,5 - 15 MPH,No Control Present,Clear,No
"35.9623900002, -78.9510000003","{u'type': u'Point', u'coordinates': [-78.95100000026208, 35.96239000019128]}",13492,,Yes,Durham,Durham,No,Wednesday,10JUL2013,Unusual Circumstances,9,Non-Roadway,July,9:30,Driverless Vehicle,,2013,B: Evident Injury,Residential,Unknown,Unknown,Missing,31-35 mph,O: No Injury,White,Male,Passenger Car,No,No,36,Daylight,Urban (>70% Developed),-79,1 lane,2,31-40,34,No,B: Evident Injury,Driveway / Alley,White,Female,Straight - Grade,Public Vehicular Area,Dry,"One-Way, Not Divided",None,No Special Feature,Smooth Asphalt,Piedmont,Urban,30 - 35  MPH,No Control Present,Cloudy,No
"35.9135370935, -79.0576027426","{u'type': u'Point', u'coordinates': [-79.05760274262448, 35.9135370935219]}",15430,425,No,Chapel Hill,Orange,No,Monday,13FEB2012,Crossing Roadway - Vehicle Not Turning,22,Intersection,February,22:36,Motorist Failed to Yield,,2012,,Commercial,40-49,41,No,21-25 mph,B: Evident Injury,White,Male,Motorcycle,No,No,36,Dark - Lighted Roadway,Urban (>70% Developed),-79,2 lanes,2,16-20,20,No,B: Evident Injury,Crosswalk Area,White,Male,Straight - Bottom,Local Street,Dry,"Two-Way, Not Divided",None,T-Intersection,Smooth Asphalt,Piedmont,Urban,20 - 25  MPH,No Control Present,Clear,Yes
"35.9123270923, -79.0715027466","{u'type': u'Point', u'coordinates': [-79.07150274663522, 35.91232709227357]}",17111,2106,Yes,Carrboro,Orange,No,Sunday,30SEP2012,Backing Vehicle,16,Non-Roadway,September,16:42,Backing Vehicle - Parking Lot,,2012,,Commercial,0-19,19,No,Unknown,O: No Injury,White,Male,Sport Utility,No,No,36,Daylight,Urban (>70% Developed),-79,Unknown,2,21-25,23,No,Unknown Injury,Non-Roadway - Parking Lot / Other,Black,Male,Straight - Level,Public Vehicular Area,Dry,Unknown,None,No Special Feature,Smooth Asphalt,Piedmont,Urban,Unknown,No Control Present,Clear,No
"35.9227400004, -78.9566999998","{u'type': u'Point', u'coordinates': [-78.95669999977792, 35.9227400004492]}",14833,,Yes,Durham,Durham,No,Thursday,26DEC2013,Crossing Roadway - Vehicle Turning,13,Intersection,December,13:13,Motorist Left Turn - Parallel Paths,,2013,B: Evident Injury,Residential,70+,70+,No,31-35 mph,O: No Injury,Black,Female,Sport Utility,No,No,36,Daylight,Urban (>70% Developed),-79,4 lanes,2,61-79,65,No,B: Evident Injury,Crosswalk Area,White,Male,Straight - Level,Local Street,Dry,"Two-Way, Divided, Unprotected Median",None,T-Intersection,Smooth Asphalt,Piedmont,Urban,30 - 35  MPH,Stop And Go Signal,Clear,No
"35.9122999999, -79.0474000004","{u'type': u'Point', u'coordinates': [-79.0474000004033, 35.91229999990543]}",12582,,No,Chapel Hill,Orange,No,Thursday,07FEB2013,Crossing Roadway - Vehicle Not Turning,15,Intersection-Related,February,15:30,Motorist Failed to Yield,,2013,C: Possible Injury,Institutional,50-59,57,No,6-10 mph,O: No Injury,White,Male,Pickup,No,No,36,Daylight,Urban (>70% Developed),-79,2 lanes,2,31-40,32,No,C: Possible Injury,Crosswalk Area,White,Male,Straight - Level,Local Street,Dry,"Two-Way, Not Divided",None,No Special Feature,Coarse Asphalt,Piedmont,Urban,20 - 25  MPH,No Control Present,Clear,No
"35.9642800002, -79.0584000005","{u'type': u'Point', u'coordinates': [-79.0584000005159, 35.9642800001565]}",12494,,Yes,Chapel Hill,Orange,No,Tuesday,05FEB2013,Crossing Roadway - Vehicle Turning,20,Intersection-Related,February,20:32,Motorist Right Turn - Parallel Paths,,2013,B: Evident Injury,Commercial,0-19,17,No,11-15 mph,O: No Injury,Hispanic,Female,Passenger Car,No,No,36,Dark - Lighted Roadway,Mixed (30% To 70% Developed),-79,7 lanes,2,16-20,20,No,B: Evident Injury,Other / Unknown,Black,Male,Straight - Level,Local Street,Dry,"Two-Way, Divided, Positive Median Barrier",None,No Special Feature,Smooth Asphalt,Piedmont,Urban,30 - 35  MPH,Stop And Go Signal,Clear,No