Geo Point,Geo Shape,objectid_1,objectid,Ambulance,City,County,crashalcoh,Day of Week,Date,Cause of Crash,Hour of Crash,Location of Crash,Crash Month,Crash Time,Crash Type,crash_ty_1,Crash Year,crsh_sevri,Development,drvrage_gr,Driver Age,drvr_alc_d,drvr_estep,Driver Injury,Driver Race,Driver Sex,Vehicle Type,excsspdind,Hit and Run,latitude,Light Conditions,Locality,longitude,Number of Lanes,Number of Units,Pedestrian Age Group,Pedestrian Age,ped_alc_dr,Pedestrian Injury,Pedestrian Position,Pedestrian Race,Pedestrian Sex,Road Characteristic,Road Class,rd_conditi,Road Configuration,Road Defects,Road Feature,Road Surface,Region,Rural/Urban,Speed Limit,Traffic Control,Weather,Workzone
"35.9106470925, -79.0703027464","{u'type': u'Point', u'coordinates': [-79.07030274644252, 35.9106470924995]}",11201,1320,Yes,Carrboro,Orange,No,Wednesday,17AUG2011,Crossing Roadway - Vehicle Not Turning,12,Intersection,August,12:30,Motorist Failed to Yield,12770,2011,B: Evident Injury,Commercial,70+,70+,No,0-5 mph,O: No Injury,White,Male,Passenger Car,No,No,36,Daylight,Urban (>70% Developed),-79,2 lanes,2,51-60,53,No,B: Evident Injury,Crosswalk Area,White,Female,Straight - Level,Public Vehicular Area,Dry,Unknown,None,"Five-Point, Or More",Concrete,Piedmont,Urban,5 - 15 MPH,Stop And Go Signal,Clear,No
"36.0006700002, -78.9453999996","{u'type': u'Point', u'coordinates': [-78.9453999995895, 36.00067000022881]}",14840,,Yes,Durham,Durham,No,Tuesday,12NOV2013,Crossing Roadway - Vehicle Not Turning,17,Non-Intersection,November,17:47,Motorist Failed to Yield,,2013,C: Possible Injury,Institutional,60-69,60,No,6-10 mph,O: No Injury,Black,Female,Passenger Car,No,No,36,Dark - Lighted Roadway,Mixed (30% To 70% Developed),-79,2 lanes,2,26-30,28,No,C: Possible Injury,Crosswalk Area,White,Female,Straight - Level,Local Street,Wet,"Two-Way, Not Divided",None,No Special Feature,Smooth Asphalt,Piedmont,Urban,20 - 25  MPH,No Control Present,Rain,No
"35.9174599997, -78.9525000003","{u'type': u'Point', u'coordinates': [-78.952500000299, 35.91745999971561]}",13263,,Yes,Durham,Durham,No,Monday,03JUN2013,Walking Along Roadway,22,Non-Intersection,June,22:21,Walking Along Roadway Against Traffic - From Front,,2013,C: Possible Injury,"Farms, Woods, Pastures",40-49,45,No,41-45 mph,O: No Injury,Black,Female,Passenger Car,No,No,36,Dark - Roadway Not Lighted,Urban (>70% Developed),-79,2 lanes,2,21-25,21,No,C: Possible Injury,Paved Shoulder / Bike Lane / Parking Lane,Black,Female,Straight - Level,NC Route,Dry,"Two-Way, Not Divided",None,No Special Feature,Smooth Asphalt,Piedmont,Urban,40 - 45  MPH,No Control Present,Clear,No
"35.9243999998, -79.0539000005","{u'type': u'Point', u'coordinates': [-79.05390000054928, 35.924399999807996]}",14171,,No,Chapel Hill,Orange,No,Tuesday,17SEP2013,Backing Vehicle,19,Non-Roadway,September,19:04,Backing Vehicle - Parking Lot,,2013,C: Possible Injury,Commercial,30-39,31,No,0-5 mph,O: No Injury,White,Male,Passenger Car,No,No,36,Daylight,Urban (>70% Developed),-79,Unknown,2,21-25,23,No,C: Possible Injury,Non-Roadway - Parking Lot / Other,Black,Male,Straight - Level,Public Vehicular Area,Dry,"Two-Way, Not Divided",None,No Special Feature,Coarse Asphalt,Piedmont,Urban,Unknown,No Control Present,Clear,No
"35.9099570919, -79.0750027482","{u'type': u'Point', u'coordinates': [-79.07500274816725, 35.90995709194035]}",15150,145,Yes,Carrboro,Orange,No,Wednesday,11JAN2012,Crossing Roadway - Vehicle Turning,18,Intersection,January,18:22,Motorist Left Turn - Parallel Paths,,2012,,Commercial,30-39,32,No,0-5 mph,O: No Injury,White,Female,Passenger Car,No,No,36,Dark - Lighted Roadway,Urban (>70% Developed),-79,2 lanes,2,16-20,20,No,C: Possible Injury,Crosswalk Area,White,Female,Straight - Grade,Local Street,Wet,"Two-Way, Not Divided",None,No Special Feature,Smooth Asphalt,Piedmont,Urban,20 - 25  MPH,Stop And Go Signal,Rain,No
"35.903547092, -79.0444027382","{u'type': u'Point', u'coordinates': [-79.04440273823212, 35.90354709203951]}",15254,249,Yes,Chapel Hill,Orange,No,Thursday,26JAN2012,Crossing Roadway - Vehicle Turning,6,Intersection,January,6:43,Motorist Left Turn - Parallel Paths,,2012,,Institutional,40-49,45,No,0-5 mph,O: No Injury,Asian,Female,Van,No,No,36,Dark - Lighted Roadway,Urban (>70% Developed),-79,5 lanes,2,51-60,60,No,C: Possible Injury,Crosswalk Area,White,Male,Straight - Hillcrest,Local Street,Dry,"Two-Way, Not Divided",None,Four-Way Intersection,Smooth Asphalt,Piedmont,Urban,20 - 25  MPH,Stop And Go Signal,Clear,No
"35.9448970997, -79.0581027451","{u'type': u'Point', u'coordinates': [-79.05810274512471, 35.94489709970743]}",17125,2120,Yes,Chapel Hill,Orange,Yes,Wednesday,03OCT2012,Crossing Roadway - Vehicle Not Turning,19,Non-Intersection,October,19:12,Pedestrian Failed to Yield,,2012,,Residential,40-49,49,No,31-35 mph,O: No Injury,Asian,Male,Passenger Car,No,No,36,Daylight,Urban (>70% Developed),-79,5 lanes,2,41-50,46,Yes,A: Disabling Injury,Travel Lane,Black,Male,Straight - Level,Local Street,Dry,"Two-Way, Not Divided",None,No Special Feature,Smooth Asphalt,Piedmont,Urban,30 - 35  MPH,No Control Present,Clear,No
"35.8986370896, -79.0700027457","{u'type': u'Point', u'coordinates': [-79.07000274573114, 35.89863708957056]}",4282,1735,Yes,Chapel Hill,Orange,No,Sunday,05OCT2008,Unusual Circumstances,17,Non-Roadway,October,17:30,Driverless Vehicle,38220,2008,B: Evident Injury,Residential,Unknown,Unknown,Missing,0-5 mph,Unknown Injury,Unknown/Missing,Unknown,Passenger Car,No,No,36,Daylight,Urban (>70% Developed),-79,Unknown,2,31-40,36,No,B: Evident Injury,Non-Roadway - Parking Lot / Other,Black,Female,Straight - Grade,Public Vehicular Area,Dry,Unknown,None,"Driveway, Public",Smooth Asphalt,Piedmont,Urban,5 - 15 MPH,No Control Present,Clear,No
"35.9290670973, -79.0286027354","{u'type': u'Point', u'coordinates': [-79.02860273535381, 35.92906709734292]}",2027,2027,Yes,Chapel Hill,Orange,No,Friday,26JAN2007,Backing Vehicle,12,Non-Roadway,January,12:11,Backing Vehicle - Parking Lot,3214,2007,C: Possible Injury,Commercial,70+,70+,No,0-5 mph,O: No Injury,White,Male,Passenger Car,No,No,36,Daylight,Urban (>70% Developed),-79,Unknown,2,21-25,22,No,C: Possible Injury,Non-Roadway - Parking Lot / Other,White,Male,Straight - Level,Public Vehicular Area,Dry,"Two-Way, Not Divided",None,"Driveway, Public",Smooth Asphalt,Piedmont,Urban,20 - 25  MPH,No Control Present,Clear,No
"35.9165670946, -79.0498027408","{u'type': u'Point', u'coordinates': [-79.04980274079024, 35.91656709457217]}",6718,1799,Yes,Chapel Hill,Orange,No,Thursday,26MAR2009,Crossing Roadway - Vehicle Turning,21,Intersection,March,21:07,Motorist Left Turn - Parallel Paths,13781,2009,C: Possible Injury,Residential,25-29,26,No,Unknown,O: No Injury,White,Male,Passenger Car,No,No,36,Dark - Lighted Roadway,Mixed (30% To 70% Developed),-79,4 lanes,2,21-25,21,No,C: Possible Injury,Travel Lane,Black,Female,Straight - Level,Local Street,Wet,"Two-Way, Not Divided",None,Four-Way Intersection,Smooth Asphalt,Piedmont,Urban,Unknown,Stop And Go Signal,Rain,No
"35.8950170885, -79.0853227497","{u'type': u'Point', u'coordinates': [-79.0853227496542, 35.89501708848126]}",9200,1863,No,Carrboro,Orange,No,Friday,16APR2010,Crossing Roadway - Vehicle Not Turning,8,Intersection-Related,April,8:24,Pedestrian Failed to Yield,43760,2010,O: No Injury,Residential,Unknown,Unknown,Missing,16-20 mph,Unknown Injury,Unknown/Missing,Unknown,Unknown,No,Yes,36,Daylight,Mixed (30% To 70% Developed),-79,Unknown,2,16-20,17,No,O: No Injury,Travel Lane,White,Male,Straight - Hillcrest,Local Street,Dry,"Two-Way, Not Divided",None,T-Intersection,Smooth Asphalt,Piedmont,Urban,20 - 25  MPH,No Control Present,Clear,No
"35.915851093, -79.0867427519","{u'type': u'Point', u'coordinates': [-79.08674275189128, 35.9158510930141]}",9242,1905,Yes,Carrboro,Orange,No,Tuesday,30MAR2010,Unusual Circumstances,14,Intersection-Related,March,14:14,Motor Vehicle Loss of Control,43150,2010,A: Disabling Injury,Residential,50-59,57,No,31-35 mph,O: No Injury,Asian,Female,Passenger Car,No,No,36,Daylight,Urban (>70% Developed),-79,2 lanes,2,41-50,46,No,A: Disabling Injury,Travel Lane,White,Male,Straight - Grade,Local Street,Dry,"Two-Way, Not Divided",None,No Special Feature,Coarse Asphalt,Piedmont,Urban,30 - 35  MPH,No Control Present,Clear,No
"35.9350370993, -79.0218027333","{u'type': u'Point', u'coordinates': [-79.02180273332547, 35.935037099349124]}",6749,1830,Yes,Chapel Hill,Orange,Yes,Friday,04SEP2009,Crossing Roadway - Vehicle Not Turning,0,Intersection,September,0:06,Pedestrian Failed to Yield,14760,2009,B: Evident Injury,Commercial,50-59,50,No,26-30 mph,O: No Injury,White,Male,Passenger Car,No,No,36,Dark - Lighted Roadway,Urban (>70% Developed),-79,2 lanes,2,31-40,37,Yes,B: Evident Injury,Paved Shoulder / Bike Lane / Parking Lane,Black,Female,Straight - Level,Local Street,Dry,"Two-Way, Not Divided",None,T-Intersection,Smooth Asphalt,Piedmont,Urban,30 - 35  MPH,Stop And Go Signal,Clear,No
"35.942527101, -79.0120027306","{u'type': u'Point', u'coordinates': [-79.01200273060577, 35.94252710102729]}",6762,1843,No,Chapel Hill,Orange,No,Friday,02JAN2009,Dash / Dart-Out,17,Non-Intersection,January,17:39,Dash,23741,2009,B: Evident Injury,Residential,70+,70+,No,26-30 mph,O: No Injury,White,Female,Passenger Car,No,No,36,Dark - Lighted Roadway,Urban (>70% Developed),-79,2 lanes,2,11-15,13,No,B: Evident Injury,Travel Lane,Black,Female,Straight - Level,Local Street,Wet,"Two-Way, Not Divided",None,No Special Feature,Smooth Asphalt,Piedmont,Urban,30 - 35  MPH,"Double Yellow Line, No Passing Zone",Cloudy,No
"35.9107370927, -79.0688027462","{u'type': u'Point', u'coordinates': [-79.0688027461971, 35.91073709266392]}",1982,1982,No,Carrboro,Orange,Yes,Saturday,15SEP2007,Crossing Roadway - Vehicle Not Turning,18,Intersection-Related,September,18:57,Pedestrian Failed to Yield,4760,2007,C: Possible Injury,Commercial,20-24,20,No,16-20 mph,O: No Injury,Black,Male,Passenger Car,No,No,36,Daylight,Urban (>70% Developed),-79,4 lanes,2,41-50,46,Yes,C: Possible Injury,Travel Lane,Black,Female,Straight - Level,Local Street,Dry,"Two-Way, Not Divided",None,No Special Feature,Coarse Asphalt,Piedmont,Urban,20 - 25  MPH,No Control Present,Clear,No
"35.9220310956, -79.038822738","{u'type': u'Point', u'coordinates': [-79.03882273799493, 35.92203109556678]}",9249,1912,Yes,Chapel Hill,Orange,No,Sunday,05SEP2010,Unusual Circumstances,16,Non-Intersection,September,16:04,Motor Vehicle Loss of Control,25150,2010,B: Evident Injury,"Farms, Woods, Pastures",20-24,20,No,31-35 mph,O: No Injury,White,Female,Passenger Car,No,No,36,Daylight,Urban (>70% Developed),-79,4 lanes,2,21-25,23,No,B: Evident Injury,Sidewalk / Shared Use Path / Driveway Crossing,White,Female,Straight - Hillcrest,Local Street,Dry,"Two-Way, Divided, Unprotected Median",None,No Special Feature,Smooth Asphalt,Piedmont,Urban,30 - 35  MPH,"Double Yellow Line, No Passing Zone",Clear,No
"35.9080670925, -79.0547027421","{u'type': u'Point', u'coordinates': [-79.05470274214841, 35.908067092466]}",17482,2477,Yes,Chapel Hill,Orange,No,Friday,26OCT2012,Crossing Roadway - Vehicle Turning,11,Intersection-Related,October,11:56,Motorist Left Turn - Parallel Paths,,2012,,Institutional,25-29,27,No,6-10 mph,O: No Injury,Asian,Female,Sport Utility,No,No,36,Daylight,Urban (>70% Developed),-79,2 lanes,2,16-20,19,No,B: Evident Injury,Travel Lane,White,Female,Straight - Hillcrest,Local Street,Dry,Unknown,None,Four-Way Intersection,Smooth Asphalt,Piedmont,Urban,20 - 25  MPH,Stop And Go Signal,Cloudy,No
"35.9033170944, -78.9555027109","{u'type': u'Point', u'coordinates': [-78.95550271087045, 35.90331709436096]}",1958,1958,No,Durham,Durham,No,Sunday,02DEC2007,Backing Vehicle,18,Non-Roadway,December,18:20,Backing Vehicle - Parking Lot,3214,2007,B: Evident Injury,Commercial,Unknown,Unknown,No,6-10 mph,Unknown Injury,Unknown/Missing,Unknown,Passenger Car,No,Yes,36,Dark - Lighted Roadway,Urban (>70% Developed),-79,Unknown,2,16-20,19,No,B: Evident Injury,Non-Roadway - Parking Lot / Other,Black,Female,Straight - Level,Public Vehicular Area,Dry,"One-Way, Not Divided",None,No Special Feature,Smooth Asphalt,Piedmont,Urban,5 - 15 MPH,No Control Present,Cloudy,No
"35.9019670906, -79.0571027416","{u'type': u'Point', u'coordinates': [-79.05710274156839, 35.90196709060938]}",4290,1743,Yes,Chapel Hill,Orange,No,Monday,27OCT2008,Crossing Roadway - Vehicle Turning,16,Intersection-Related,October,16:08,Motorist Left Turn - Parallel Paths,42781,2008,K: Killed,Institutional,60-69,65,No,11-15 mph,O: No Injury,Black,Male,Commercial Bus,No,No,36,Daylight,Urban (>70% Developed),-79,2 lanes,2,31-40,33,No,K: Killed,Crosswalk Area,White,Female,Straight - Grade,Local Street,Dry,"Two-Way, Not Divided",None,Four-Way Intersection,Smooth Asphalt,Piedmont,Urban,20 - 25  MPH,Stop And Go Signal,Cloudy,No
"35.9511671033, -78.9979027273","{u'type': u'Point', u'coordinates': [-78.99790272734509, 35.95116710330586]}",15058,53,Yes,Durham,Durham,Yes,Friday,13JAN2012,Walking Along Roadway,14,Intersection,January,14:25,Walking Along Roadway With Traffic - From Behind,,2012,,Commercial,Unknown,Unknown,Missing,11-15 mph,Unknown Injury,Unknown/Missing,Unknown,Passenger Car,No,Yes,36,Daylight,Urban (>70% Developed),-79,4 lanes,2,51-60,57,Yes,C: Possible Injury,Travel Lane,White,Male,Straight - Level,Local Street,Dry,"Two-Way, Divided, Positive Median Barrier",None,No Special Feature,Coarse Asphalt,Piedmont,Urban,40 - 45  MPH,No Control Present,Clear,No
"35.9700371081, -78.9769027217","{u'type': u'Point', u'coordinates': [-78.97690272170139, 35.97003710813621]}",16828,1823,No,Durham,Durham,No,Thursday,06SEP2012,Walking Along Roadway,23,Non-Intersection,September,23:19,Walking Along Roadway With Traffic - From Behind,,2012,,Residential,Unknown,Unknown,Missing,31-35 mph,Unknown Injury,Unknown/Missing,Unknown,Sport Utility,No,Yes,36,Dark - Lighted Roadway,Urban (>70% Developed),-79,2 lanes,2,51-60,52,No,C: Possible Injury,Paved Shoulder / Bike Lane / Parking Lane,Black,Male,Straight - Level,Local Street,Dry,"Two-Way, Not Divided",None,No Special Feature,Smooth Asphalt,Piedmont,Urban,30 - 35  MPH,No Control Present,Clear,No
"35.9102270924, -79.0633027445","{u'type': u'Point', u'coordinates': [-79.06330274453205, 35.910227092370604]}",17376,2371,Yes,Chapel Hill,Orange,No,Friday,26OCT2012,Other / Unknown - Insufficient Details,18,Intersection,October,18:17,Intersection - Other / Unknown,,2012,,Commercial,40-49,45,No,16-20 mph,O: No Injury,Black,Female,Passenger Car,No,No,36,Dusk,Urban (>70% Developed),-79,4 lanes,2,6-10,7,No,C: Possible Injury,Crosswalk Area,White,Male,Straight - Level,Local Street,Dry,"Two-Way, Not Divided",None,Four-Way Intersection,Smooth Asphalt,Piedmont,Urban,20 - 25  MPH,"Double Yellow Line, No Passing Zone",Cloudy,No
"35.9107899999, -78.9838000003","{u'type': u'Point', u'coordinates': [-78.98380000032316, 35.910789999916794]}",13076,,Yes,Durham,Durham,Yes,Monday,06MAY2013,Walking Along Roadway,5,Non-Intersection,May,5:32,Walking Along Roadway Against Traffic - From Front,,2013,C: Possible Injury,Commercial,30-39,36,No,31-35 mph,O: No Injury,Hispanic,Female,Passenger Car,No,No,36,Dark - Roadway Not Lighted,Urban (>70% Developed),-79,2 lanes,2,26-30,28,Yes,C: Possible Injury,Travel Lane,White,Male,Straight - Level,Local Street,Wet,"Two-Way, Not Divided",None,No Special Feature,Coarse Asphalt,Piedmont,Urban,30 - 35  MPH,No Control Present,Rain,No
"35.9086770923, -79.0531027417","{u'type': u'Point', u'coordinates': [-79.05310274170843, 35.90867709226305]}",11517,1636,Yes,Chapel Hill,Orange,No,Tuesday,27SEP2011,Crossing Roadway - Vehicle Turning,13,Intersection,September,13:34,Motorist Left Turn - Parallel Paths,12781,2011,B: Evident Injury,Institutional,50-59,52,No,0-5 mph,O: No Injury,White,Male,Van,No,No,36,Daylight,Urban (>70% Developed),-79,3 lanes,2,16-20,20,No,B: Evident Injury,Crosswalk Area,White,Female,Straight - Grade,Local Street,Dry,"Two-Way, Not Divided",None,Four-Way Intersection,Coarse Asphalt,Piedmont,Urban,20 - 25  MPH,Stop And Go Signal,Clear,No
"35.9054070902, -79.0851027502","{u'type': u'Point', u'coordinates': [-79.08510275018035, 35.90540709023287]}",10953,1072,Yes,Carrboro,Orange,No,Sunday,19JUN2011,Crossing Expressway,13,Non-Intersection,June,13:40,Crossing an Expressway,24910,2011,B: Evident Injury,Residential,Unknown,Unknown,Missing,41-45 mph,Unknown Injury,Unknown/Missing,Unknown,Unknown,No,Yes,36,Daylight,Urban (>70% Developed),-79,1 lane,2,41-50,45,No,B: Evident Injury,Paved Shoulder / Bike Lane / Parking Lane,Black,Male,Curve - Grade,NC Route,Dry,"One-Way, Not Divided",None,On or Off Ramp,Coarse Asphalt,Piedmont,Urban,40 - 45  MPH,No Control Present,Clear,No
"35.9601600001, -78.9588999996","{u'type': u'Point', u'coordinates': [-78.9588999995699, 35.96016000006265]}",14114,,No,Durham,Durham,No,Tuesday,01OCT2013,Backing Vehicle,17,Non-Roadway,October,17:52,Backing Vehicle - Parking Lot,,2013,C: Possible Injury,Commercial,50-59,56,No,0-5 mph,O: No Injury,White,Female,Passenger Car,No,No,36,Daylight,Urban (>70% Developed),-79,Unknown,2,31-40,39,No,C: Possible Injury,Non-Roadway - Parking Lot / Other,Black,Male,Straight - Grade,Public Vehicular Area,Dry,"Two-Way, Not Divided",None,No Special Feature,Coarse Asphalt,Piedmont,Urban,5 - 15 MPH,No Control Present,Clear,No
"35.9887371116, -79.0008027296","{u'type': u'Point', u'coordinates': [-79.00080272961648, 35.988737111603655]}",15734,729,Yes,None - Rural Crash,Orange,No,Sunday,15APR2012,Crossing Roadway - Vehicle Not Turning,11,Non-Intersection,April,11:45,Pedestrian Failed to Yield,,2012,,"Farms, Woods, Pastures",70+,70+,No,0-5 mph,O: No Injury,White,Male,Motor Home/Recreational Vehicle,No,No,36,Daylight,Rural (<30% Developed),-79,2 lanes,2,61-79,66,No,A: Disabling Injury,Paved Shoulder / Bike Lane / Parking Lane,White,Female,Straight - Level,State Secondary Route,Dry,"Two-Way, Not Divided",None,No Special Feature,Smooth Asphalt,Piedmont,Rural,30 - 35  MPH,"Double Yellow Line, No Passing Zone",Clear,No
"35.9131350937, -79.0559567418","{u'type': u'Point', u'coordinates': [-79.05595674181662, 35.91313509367653]}",9232,1895,Yes,Chapel Hill,Orange,No,Friday,18JUN2010,Crossing Roadway - Vehicle Not Turning,14,Intersection,June,14:58,Motorist Failed to Yield,12770,2010,B: Evident Injury,Commercial,30-39,32,No,11-15 mph,O: No Injury,White,Female,Van,No,No,36,Daylight,Urban (>70% Developed),-79,5 lanes,2,16-20,20,No,B: Evident Injury,Crosswalk Area,White,Female,Straight - Level,Local Street,Dry,"Two-Way, Not Divided",None,Four-Way Intersection,Smooth Asphalt,Piedmont,Urban,20 - 25  MPH,Stop And Go Signal,Clear,No
"35.9193220927, -79.0991227555","{u'type': u'Point', u'coordinates': [-79.09912275548369, 35.91932209267785]}",9244,1907,Yes,Carrboro,Orange,No,Friday,01OCT2010,Crossing Roadway - Vehicle Turning,15,Intersection,October,15:58,Motorist Left Turn - Parallel Paths,12781,2010,A: Disabling Injury,Commercial,40-49,46,No,16-20 mph,O: No Injury,White,Male,Pickup,No,No,36,Daylight,Urban (>70% Developed),-79,5 lanes,2,21-25,24,No,A: Disabling Injury,Crosswalk Area,White,Female,Straight - Level,NC Route,Dry,"Two-Way, Divided, Unprotected Median",None,Four-Way Intersection,Smooth Asphalt,Piedmont,Urban,40 - 45  MPH,Stop And Go Signal,Clear,Yes
"35.909947092, -79.0642027451","{u'type': u'Point', u'coordinates': [-79.06420274506107, 35.90994709199406]}",17864,2859,Yes,Chapel Hill,Orange,No,Monday,17DEC2012,Crossing Roadway - Vehicle Not Turning,6,Intersection-Related,December,6:54,Pedestrian Failed to Yield,,2012,,Residential,50-59,51,No,26-30 mph,C: Possible Injury,Black,Female,Passenger Car,No,No,36,Dawn,Urban (>70% Developed),-79,3 lanes,2,31-40,40,No,B: Evident Injury,Travel Lane,Black,Female,Straight - Level,Local Street,Wet,"Two-Way, Not Divided",None,No Special Feature,Smooth Asphalt,Piedmont,Urban,20 - 25  MPH,No Control Present,Cloudy,No
"35.9351170982, -79.0556027437","{u'type': u'Point', u'coordinates': [-79.05560274374795, 35.9351170982046]}",2037,2037,No,Chapel Hill,Orange,No,Tuesday,13FEB2007,Other / Unknown - Insufficient Details,9,Non-Intersection,February,9:09,Non-Intersection - Other / Unknown,2680,2007,C: Possible Injury,Residential,Unknown,Unknown,Missing,6-10 mph,Unknown Injury,Unknown/Missing,Unknown,Unknown,No,Yes,36,Daylight,Urban (>70% Developed),-79,2 lanes,2,Unknown,Unknown,No,C: Possible Injury,Other / Unknown,Black,Male,Straight - Level,Local Street,Wet,"Two-Way, Not Divided",None,No Special Feature,Smooth Asphalt,Piedmont,Urban,30 - 35  MPH,No Control Present,Rain,No
"35.9782071101, -78.9614027171","{u'type': u'Point', u'coordinates': [-78.96140271713566, 35.9782071100766]}",4439,1892,Yes,Durham,Durham,No,Sunday,07DEC2008,Walking Along Roadway,19,Non-Intersection,December,19:24,Walking Along Roadway With Traffic - From Behind,23410,2008,B: Evident Injury,Residential,60-69,63,No,16-20 mph,O: No Injury,White,Male,Van,No,No,36,Dark - Lighted Roadway,Urban (>70% Developed),-79,2 lanes,3,71+,70+,No,B: Evident Injury,Travel Lane,White,Female,Straight - Level,Local Street,Dry,"Two-Way, Not Divided",None,No Special Feature,Smooth Asphalt,Piedmont,Urban,20 - 25  MPH,No Control Present,Clear,No
"36.0014271156, -78.9471027145","{u'type': u'Point', u'coordinates': [-78.94710271450171, 36.00142711556765]}",17469,2464,No,Durham,Durham,No,Saturday,01SEP2012,Working or Playing in Roadway,18,Intersection-Related,September,18:29,Working in Roadway,,2012,,Institutional,30-39,31,No,0-5 mph,O: No Injury,White,Male,Sport Utility,No,Yes,36,Daylight,Urban (>70% Developed),-79,2 lanes,2,Unknown,0,No,B: Evident Injury,Travel Lane,Black,Male,Straight - Level,Local Street,Dry,"Two-Way, Not Divided",None,"Driveway, Private",Concrete,Piedmont,Urban,20 - 25  MPH,Flashing Signal With Stop Sign,Clear,No
"35.9665171081, -78.9592027159","{u'type': u'Point', u'coordinates': [-78.95920271588264, 35.96651710805354]}",6806,1887,No,Durham,Durham,No,Monday,02MAR2009,Backing Vehicle,2,Non-Roadway,March,2:09,Backing Vehicle - Parking Lot,38214,2009,C: Possible Injury,Commercial,25-29,28,No,0-5 mph,Unknown Injury,White,Female,Sport Utility,No,No,36,Dark - Lighted Roadway,Urban (>70% Developed),-79,Unknown,2,26-30,26,No,C: Possible Injury,Non-Roadway - Parking Lot / Other,White,Male,Straight - Level,Public Vehicular Area,Wet,"Two-Way, Not Divided",None,No Special Feature,Unknown,Piedmont,Urban,30 - 35  MPH,Stop Sign,"Snow, Sleet, Hail, Freezing Rain/Drizzle",No
"35.9160170938, -79.0512027406","{u'type': u'Point', u'coordinates': [-79.05120274063499, 35.91601709380227]}",10584,703,Yes,Chapel Hill,Orange,No,Wednesday,20APR2011,Crossing Roadway - Vehicle Turning,18,Intersection,April,18:34,Motorist Left Turn - Parallel Paths,13781,2011,B: Evident Injury,Commercial,0-19,19,No,11-15 mph,O: No Injury,White,Female,Sport Utility,No,No,36,Daylight,Urban (>70% Developed),-79,1 lane,2,21-25,24,No,B: Evident Injury,Travel Lane,White,Female,Straight - Level,Local Street,Dry,"One-Way, Not Divided",None,T-Intersection,Smooth Asphalt,Piedmont,Urban,20 - 25  MPH,No Control Present,Clear,No