Geo Point,Geo Shape,objectid_1,objectid,Ambulance,City,County,crashalcoh,Day of Week,Date,Cause of Crash,Hour of Crash,Location of Crash,Crash Month,Crash Time,Crash Type,crash_ty_1,Crash Year,crsh_sevri,Development,drvrage_gr,Driver Age,drvr_alc_d,drvr_estep,Driver Injury,Driver Race,Driver Sex,Vehicle Type,excsspdind,Hit and Run,latitude,Light Conditions,Locality,longitude,Number of Lanes,Number of Units,Pedestrian Age Group,Pedestrian Age,ped_alc_dr,Pedestrian Injury,Pedestrian Position,Pedestrian Race,Pedestrian Sex,Road Characteristic,Road Class,rd_conditi,Road Configuration,Road Defects,Road Feature,Road Surface,Region,Rural/Urban,Speed Limit,Traffic Control,Weather,Workzone
"35.9471811021, -79.0092527295","{u'type': u'Point', u'coordinates': [-79.00925272948788, 35.94718110210599]}",9303,1966,Yes,Chapel Hill,Orange,No,Saturday,16JAN2010,Backing Vehicle,15,Non-Roadway,January,15:39,Backing Vehicle - Parking Lot,38214,2010,C: Possible Injury,Residential,25-29,28,No,0-5 mph,O: No Injury,White,Male,"Light Truck (Mini-Van, Panel)",No,No,36,Daylight,Urban (>70% Developed),-79,Unknown,2,6-10,6,No,C: Possible Injury,Non-Roadway - Parking Lot / Other,Black,Female,Straight - Level,Public Vehicular Area,Dry,"Two-Way, Not Divided",None,No Special Feature,Smooth Asphalt,Piedmont,Urban,Unknown,No Control Present,Clear,No
"35.916617098, -78.9512027105","{u'type': u'Point', u'coordinates': [-78.95120271050168, 35.9166170979646]}",9920,39,Yes,Durham,Durham,No,Sunday,16JAN2011,Walking Along Roadway,18,Non-Intersection,January,18:40,Walking Along Roadway With Traffic - From Behind,23410,2011,C: Possible Injury,Commercial,40-49,43,No,41-45 mph,O: No Injury,White,Male,Sport Utility,No,No,36,Dark - Roadway Not Lighted,Urban (>70% Developed),-79,2 lanes,4,31-40,35,No,O: No Injury,Travel Lane,Black,Male,Straight - Level,NC Route,Dry,"Two-Way, Not Divided",None,No Special Feature,Smooth Asphalt,Piedmont,Urban,40 - 45  MPH,No Control Present,Clear,No
"35.9026500003, -79.0775999996","{u'type': u'Point', u'coordinates': [-79.07759999961294, 35.902650000291324]}",14958,,Yes,Carrboro,Orange,No,Monday,16DEC2013,Dash / Dart-Out,18,Intersection,December,18:36,Dash,,2013,B: Evident Injury,Residential,60-69,66,No,41-45 mph,C: Possible Injury,White,Female,Passenger Car,No,No,36,Dark - Lighted Roadway,Urban (>70% Developed),-79,4 lanes,2,51-60,56,No,B: Evident Injury,Travel Lane,White,Female,Straight - Level,NC Route,Dry,"Two-Way, Divided, Positive Median Barrier",None,No Special Feature,Coarse Asphalt,Piedmont,Urban,40 - 45  MPH,No Control Present,Clear,No
"35.9101270923, -79.0723027472","{u'type': u'Point', u'coordinates': [-79.07230274722868, 35.910127092307576]}",4308,1761,Yes,Carrboro,Orange,No,Friday,07NOV2008,Crossing Roadway - Vehicle Not Turning,17,Intersection-Related,November,17:46,Pedestrian Failed to Yield,43760,2008,B: Evident Injury,Commercial,50-59,51,No,16-20 mph,O: No Injury,White,Female,Passenger Car,No,No,36,Dark - Lighted Roadway,Urban (>70% Developed),-79,2 lanes,2,11-15,15,No,B: Evident Injury,Travel Lane,Black,Male,Straight - Level,Local Street,Dry,"Two-Way, Not Divided",None,No Special Feature,Coarse Asphalt,Piedmont,Urban,20 - 25  MPH,No Control Present,Clear,No
"36.008945118, -78.9427287129","{u'type': u'Point', u'coordinates': [-78.94272871287926, 36.00894511800081]}",9415,2078,No,Durham,Durham,No,Tuesday,07SEP2010,Crossing Roadway - Vehicle Not Turning,14,Intersection,September,14:26,Motorist Failed to Yield,12770,2010,O: No Injury,Commercial,30-39,39,No,31-35 mph,O: No Injury,White,Female,Passenger Car,No,No,36,Daylight,Urban (>70% Developed),-79,3 lanes,2,26-30,28,No,Unknown Injury,Crosswalk Area,Black,Male,Straight - Level,Local Street,Dry,"Two-Way, Divided, Unprotected Median",None,No Special Feature,Coarse Asphalt,Piedmont,Urban,30 - 35  MPH,Stop And Go Signal,Clear,No
"35.9637471078, -78.9594027162","{u'type': u'Point', u'coordinates': [-78.95940271620029, 35.96374710780064]}",10387,506,No,Durham,Durham,No,Tuesday,29MAR2011,Dash / Dart-Out,7,Non-Intersection,March,7:30,Dash,23741,2011,O: No Injury,Commercial,20-24,21,No,36-40 mph,O: No Injury,Black,Female,Passenger Car,No,No,36,Daylight,Urban (>70% Developed),-79,5 lanes,2,Unknown,Unknown,No,Unknown Injury,Travel Lane,Hispanic,Female,Straight - Level,Local Street,Dry,"Two-Way, Not Divided",None,No Special Feature,Smooth Asphalt,Piedmont,Urban,30 - 35  MPH,No Control Present,Clear,No
"35.9585271059, -78.9764027208","{u'type': u'Point', u'coordinates': [-78.97640272081426, 35.958527105870765]}",11379,1498,Yes,Durham,Durham,No,Wednesday,21SEP2011,Off Roadway,8,Non-Roadway,September,8:40,Off Roadway - Parking Lot,37830,2011,B: Evident Injury,Residential,30-39,31,No,11-15 mph,O: No Injury,Hispanic,Female,"Light Truck (Mini-Van, Panel)",No,No,36,Daylight,Urban (>70% Developed),-79,2 lanes,2,11-15,11,No,B: Evident Injury,Driveway / Alley,White,Male,Straight - Level,Public Vehicular Area,Dry,"Two-Way, Not Divided",None,No Special Feature,Smooth Asphalt,Piedmont,Urban,5 - 15 MPH,No Control Present,Cloudy,No
"35.9017870915, -79.0443027384","{u'type': u'Point', u'coordinates': [-79.04430273839884, 35.901787091472215]}",4289,1742,Yes,Chapel Hill,Orange,No,Friday,05DEC2008,Off Roadway,16,Non-Roadway,December,16:53,Off Roadway - Parking Lot,38830,2008,C: Possible Injury,Institutional,40-49,46,No,6-10 mph,Unknown Injury,Black,Female,Sport Utility,No,No,36,Dusk,Urban (>70% Developed),-79,1 lane,2,21-25,21,No,C: Possible Injury,Non-Roadway - Parking Lot / Other,White,Male,Straight - Level,Public Vehicular Area,Dry,"One-Way, Not Divided",None,No Special Feature,Smooth Asphalt,Piedmont,Urban,5 - 15 MPH,No Control Present,Cloudy,No
"35.902977091, -79.0487027401","{u'type': u'Point', u'coordinates': [-79.04870274009033, 35.90297709096698]}",1955,1955,Yes,Chapel Hill,Orange,No,Thursday,06DEC2007,Crossing Roadway - Vehicle Turning,8,Intersection,December,8:13,Motorist Left Turn - Parallel Paths,1781,2007,B: Evident Injury,Institutional,40-49,46,No,0-5 mph,O: No Injury,White,Male,Passenger Car,No,No,36,Daylight,Urban (>70% Developed),-79,4 lanes,2,26-30,29,No,B: Evident Injury,Crosswalk Area,White,Female,Straight - Level,Local Street,Dry,"Two-Way, Not Divided",None,Related To Intersection,Smooth Asphalt,Piedmont,Urban,20 - 25  MPH,Stop And Go Signal,Clear,Yes
"36.0184511198, -78.9465427154","{u'type': u'Point', u'coordinates': [-78.94654271535546, 36.0184511198306]}",9429,2092,Yes,Durham,Durham,No,Saturday,04DEC2010,Off Roadway,15,Non-Roadway,December,15:09,Off Roadway - Parking Lot,38830,2010,C: Possible Injury,Commercial,25-29,25,No,0-5 mph,O: No Injury,Hispanic,Male,Passenger Car,No,No,36,Daylight,Urban (>70% Developed),-79,Unknown,2,26-30,29,No,C: Possible Injury,Non-Roadway - Parking Lot / Other,White,Female,Straight - Level,Public Vehicular Area,Wet,"Two-Way, Not Divided",None,No Special Feature,Coarse Asphalt,Piedmont,Urban,5 - 15 MPH,No Control Present,Cloudy,No
"35.9266270994, -78.9541027127","{u'type': u'Point', u'coordinates': [-78.95410271270805, 35.92662709942542]}",10461,580,Yes,Durham,Durham,No,Wednesday,06APR2011,Off Roadway,18,Non-Roadway,April,18:49,Off Roadway - Parking Lot,38830,2011,B: Evident Injury,Residential,70+,70+,No,6-10 mph,O: No Injury,White,Male,Passenger Car,No,No,36,Daylight,Urban (>70% Developed),-79,Unknown,3,31-40,35,No,B: Evident Injury,Non-Roadway - Parking Lot / Other,Black,Male,Straight - Level,Public Vehicular Area,Dry,"Two-Way, Not Divided",Road Surface Condition,No Special Feature,Smooth Asphalt,Piedmont,Urban,5 - 15 MPH,No Control Present,Clear,No
"35.9037470919, -79.0467027387","{u'type': u'Point', u'coordinates': [-79.04670273866353, 35.90374709189913]}",11742,1861,No,Chapel Hill,Orange,No,Wednesday,19OCT2011,Backing Vehicle,16,Non-Roadway,October,16:52,Backing Vehicle - Parking Lot,38214,2011,O: No Injury,Institutional,70+,70+,No,0-5 mph,O: No Injury,White,Male,Sport Utility,No,No,36,Daylight,Urban (>70% Developed),-79,1 lane,2,51-60,56,No,O: No Injury,Non-Roadway - Parking Lot / Other,White,Male,Straight - Grade,Public Vehicular Area,Wet,Unknown,None,"Driveway, Public",Coarse Asphalt,Piedmont,Urban,5 - 15 MPH,No Control Present,Cloudy,No
"35.9078400002, -79.0236999999","{u'type': u'Point', u'coordinates': [-79.02369999985238, 35.907840000151126]}",12456,,Yes,None - Rural Crash,Orange,No,Monday,04FEB2013,Crossing Roadway - Vehicle Turning,19,Intersection,February,19:45,Motorist Right Turn - Perpendicular Paths,,2013,C: Possible Injury,Commercial,40-49,43,No,6-10 mph,O: No Injury,Hispanic,Male,Passenger Car,No,No,36,Dark - Lighted Roadway,Urban (>70% Developed),-79,3 lanes,2,26-30,30,No,C: Possible Injury,Crosswalk Area,Asian,Female,Straight - Level,Local Street,Dry,"Two-Way, Not Divided",None,No Special Feature,Smooth Asphalt,Piedmont,Rural,20 - 25  MPH,Stop And Go Signal,Clear,No
"35.92999, -78.9894000003","{u'type': u'Point', u'coordinates': [-78.9894000002942, 35.92998999999639]}",12952,,Yes,Durham,Durham,Yes,Saturday,06APR2013,Walking Along Roadway,20,Intersection-Related,April,20:15,Walking Along Roadway With Traffic - From Behind,,2013,C: Possible Injury,Residential,60-69,60,No,31-35 mph,O: No Injury,White,Male,Passenger Car,No,No,36,Dark - Roadway Not Lighted,Mixed (30% To 70% Developed),-79,2 lanes,2,41-50,48,Yes,C: Possible Injury,Travel Lane,Black,Male,Straight - Level,Local Street,Dry,"Two-Way, Not Divided",None,No Special Feature,Coarse Asphalt,Piedmont,Urban,40 - 45  MPH,No Control Present,Clear,No
"35.9043730911, -79.052672741","{u'type': u'Point', u'coordinates': [-79.05267274102495, 35.90437309114481]}",9213,1876,Yes,Chapel Hill,Orange,No,Tuesday,26JAN2010,Backing Vehicle,19,Non-Roadway,January,19:25,Backing Vehicle - Driveway,37211,2010,C: Possible Injury,Institutional,40-49,46,No,0-5 mph,O: No Injury,White,Female,Passenger Car,No,No,36,Daylight,Urban (>70% Developed),-79,Unknown,2,41-50,45,No,C: Possible Injury,Driveway / Alley,Black,Female,Straight - Level,Public Vehicular Area,Dry,"One-Way, Not Divided",None,"Driveway, Public",Concrete,Piedmont,Urban,5 - 15 MPH,No Control Present,Clear,No
"35.9213670981, -78.9600527136","{u'type': u'Point', u'coordinates': [-78.96005271362743, 35.921367098134965]}",9248,1911,Yes,Durham,Durham,No,Thursday,27MAY2010,Off Roadway,7,Non-Roadway,May,7:55,Off Roadway - Other / Unknown,38890,2010,A: Disabling Injury,Commercial,Unknown,Unknown,Missing,16-20 mph,Unknown Injury,Unknown/Missing,Unknown,Passenger Car,No,Yes,36,Daylight,Urban (>70% Developed),-79,Unknown,2,16-20,18,No,A: Disabling Injury,Non-Roadway - Parking Lot / Other,Hispanic,Female,Straight - Level,Public Vehicular Area,Dry,"Two-Way, Not Divided",None,No Special Feature,Smooth Asphalt,Piedmont,Urban,30 - 35  MPH,No Control Present,Clear,No
"35.908767093, -79.0500027403","{u'type': u'Point', u'coordinates': [-79.05000274027454, 35.90876709297097]}",1975,1975,Yes,Chapel Hill,Orange,No,Friday,17AUG2007,Crossing Roadway - Vehicle Turning,15,Intersection,August,15:39,Motorist Left Turn - Parallel Paths,1781,2007,B: Evident Injury,Institutional,25-29,28,No,0-5 mph,O: No Injury,Black,Female,Passenger Car,No,No,36,Daylight,Urban (>70% Developed),-79,2 lanes,2,21-25,24,No,B: Evident Injury,Crosswalk Area,White,Female,Straight - Level,Local Street,Dry,"Two-Way, Not Divided",None,No Special Feature,Coarse Asphalt,Piedmont,Urban,20 - 25  MPH,Flashing Stop And Go Signal,Clear,No
"35.9441271012, -79.0075027289","{u'type': u'Point', u'coordinates': [-79.00750272891351, 35.944127101215905]}",6765,1846,Yes,Chapel Hill,Orange,No,Tuesday,10FEB2009,Crossing Roadway - Vehicle Turning,21,Intersection-Related,February,21:43,Motorist Left Turn - Parallel Paths,43781,2009,C: Possible Injury,Residential,25-29,25,No,26-30 mph,O: No Injury,White,Male,Passenger Car,No,No,36,Dark - Roadway Not Lighted,Urban (>70% Developed),-79,2 lanes,2,31-40,35,No,C: Possible Injury,Travel Lane,Asian,Male,Straight - Level,Local Street,Dry,"Two-Way, Not Divided",None,T-Intersection,Coarse Asphalt,Piedmont,Urban,30 - 35  MPH,No Control Present,Clear,No
"35.9640071037, -79.0563027449","{u'type': u'Point', u'coordinates': [-79.05630274485125, 35.96400710368035]}",4404,1857,No,Chapel Hill,Orange,No,Saturday,17MAY2008,Crossing Roadway - Vehicle Not Turning,20,Non-Intersection,May,20:48,Pedestrian Failed to Yield,23760,2008,K: Killed,Commercial,0-19,19,No,31-35 mph,O: No Injury,White,Male,Pickup,No,No,36,Dark - Roadway Not Lighted,Urban (>70% Developed),-79,3 lanes,2,31-40,39,No,K: Killed,Travel Lane,White,Female,Straight - Level,Local Street,Dry,"Two-Way, Not Divided",None,T-Intersection,Smooth Asphalt,Piedmont,Urban,30 - 35  MPH,No Control Present,Clear,No
"35.9330370983, -79.0314027361","{u'type': u'Point', u'coordinates': [-79.03140273610242, 35.93303709828049]}",6745,1826,Yes,Chapel Hill,Orange,Yes,Thursday,26MAR2009,Crossing Roadway - Vehicle Turning,12,Non-Intersection,March,12:15,Motorist Left Turn - Parallel Paths,23781,2009,B: Evident Injury,Residential,40-49,49,Yes,11-15 mph,O: No Injury,White,Male,Unknown,No,Yes,36,Daylight,Urban (>70% Developed),-79,5 lanes,2,61-79,68,No,B: Evident Injury,Travel Lane,White,Male,Straight - Level,Local Street,Wet,"Two-Way, Not Divided",None,"Driveway, Public",Smooth Asphalt,Piedmont,Urban,30 - 35  MPH,No Control Present,Rain,No
"36.0087471176, -78.943802714","{u'type': u'Point', u'coordinates': [-78.94380271400917, 36.008747117600336]}",6893,1974,No,Durham,Durham,No,Monday,27APR2009,Working or Playing in Roadway,16,Non-Intersection,April,16:31,Working in Roadway,23311,2009,B: Evident Injury,Commercial,30-39,34,No,0-5 mph,O: No Injury,Hispanic,Male,Pickup,No,No,36,Daylight,Urban (>70% Developed),-79,6 lanes,2,31-40,40,No,B: Evident Injury,Travel Lane,Hispanic,Male,Straight - Level,Local Street,Dry,"Two-Way, Not Divided",Work Zone,No Special Feature,Coarse Asphalt,Piedmont,Urban,30 - 35  MPH,No Control Present,Clear,Yes
"35.9127370929, -79.0565027427","{u'type': u'Point', u'coordinates': [-79.05650274270874, 35.912737092932666]}",11395,1514,Yes,Chapel Hill,Orange,No,Friday,16SEP2011,Crossing Driveway or Alley,10,Non-Intersection,September,10:40,Motorist Entering Driveway or Alley,25460,2011,C: Possible Injury,Commercial,70+,70+,No,0-5 mph,O: No Injury,White,Male,Passenger Car,No,No,36,Daylight,Urban (>70% Developed),-79,Unknown,2,26-30,28,No,C: Possible Injury,Sidewalk / Shared Use Path / Driveway Crossing,Black,Female,Straight - Grade,"Private Road, Driveway",Dry,"Two-Way, Not Divided",None,No Special Feature,Concrete,Piedmont,Urban,5 - 15 MPH,No Control Present,Cloudy,No
"35.903557092, -79.0444027382","{u'type': u'Point', u'coordinates': [-79.04440273819097, 35.90355709202077]}",4295,1748,Yes,Chapel Hill,Orange,No,Friday,01FEB2008,Crossing Roadway - Vehicle Turning,20,Intersection,February,20:15,Motorist Left Turn - Parallel Paths,12781,2008,A: Disabling Injury,Institutional,40-49,42,No,Unknown,A: Disabling Injury,Black,Male,Commercial Bus,No,No,36,Dark - Lighted Roadway,Mixed (30% To 70% Developed),-79,3 lanes,2,Unknown,Unknown,No,A: Disabling Injury,Crosswalk Area,Asian,Female,Straight - Hillcrest,Local Street,Dry,"Two-Way, Divided, Unprotected Median",Other,Four-Way Intersection,Concrete,Piedmont,Urban,20 - 25  MPH,Stop And Go Signal,Clear,No
"35.9633591069, -78.9761927212","{u'type': u'Point', u'coordinates': [-78.97619272123882, 35.96335910693625]}",9327,1990,No,Durham,Durham,No,Saturday,23OCT2010,Backing Vehicle,16,Non-Roadway,October,16:07,Backing Vehicle - Parking Lot,38214,2010,C: Possible Injury,Commercial,50-59,55,No,0-5 mph,O: No Injury,White,Female,Passenger Car,No,No,36,Daylight,Mixed (30% To 70% Developed),-79,Unknown,2,71+,70+,No,C: Possible Injury,Non-Roadway - Parking Lot / Other,Unknown/Missing,Male,Straight - Level,Public Vehicular Area,Dry,"Two-Way, Not Divided",None,No Special Feature,Coarse Asphalt,Piedmont,Urban,5 - 15 MPH,No Control Present,Clear,No
"35.9592071063, -78.9751027203","{u'type': u'Point', u'coordinates': [-78.97510272027687, 35.95920710633325]}",17546,2541,No,Durham,Durham,No,Wednesday,21NOV2012,Crossing Roadway - Vehicle Turning,6,Non-Intersection,November,6:46,Motorist Right Turn - Parallel Paths,,2012,,Residential,30-39,35,No,0-5 mph,O: No Injury,Hispanic,Male,Passenger Car,No,No,36,Dawn,Urban (>70% Developed),-79,2 lanes,2,21-25,25,No,C: Possible Injury,Travel Lane,Black,Female,Straight - Level,Local Street,Dry,"Two-Way, Not Divided",None,No Special Feature,Smooth Asphalt,Piedmont,Urban,30 - 35  MPH,No Control Present,Clear,No
"36.00759, -78.9461000002","{u'type': u'Point', u'coordinates': [-78.9461000002102, 36.00758999997499]}",12783,,Yes,Durham,Durham,No,Tuesday,26MAR2013,Crossing Roadway - Vehicle Turning,15,Intersection,March,15:02,Motorist Left Turn - Parallel Paths,,2013,B: Evident Injury,Commercial,30-39,38,No,6-10 mph,O: No Injury,Black,Male,Passenger Car,No,No,36,Daylight,Urban (>70% Developed),-79,6 lanes,2,31-40,34,No,B: Evident Injury,Crosswalk Area,Black,Male,Straight - Level,Local Street,Dry,"Two-Way, Not Divided",None,Four-Way Intersection,Coarse Asphalt,Piedmont,Urban,30 - 35  MPH,Stop And Go Signal,Clear,No
"35.9046820919, -79.0465927388","{u'type': u'Point', u'coordinates': [-79.04659273876108, 35.90468209187284]}",9215,1878,No,Chapel Hill,Orange,No,Friday,05FEB2010,Off Roadway,16,Non-Roadway,February,16:07,Off Roadway - Parking Lot,38830,2010,C: Possible Injury,Institutional,20-24,20,No,0-5 mph,O: No Injury,Native American,Female,Passenger Car,No,No,36,Daylight,Urban (>70% Developed),-79,Unknown,2,51-60,54,No,C: Possible Injury,Non-Roadway - Parking Lot / Other,Black,Female,Straight - Level,Public Vehicular Area,Wet,Unknown,None,"Driveway, Public",Smooth Asphalt,Piedmont,Urban,5 - 15 MPH,No Control Present,Rain,No
"36.0097600002, -78.9486000006","{u'type': u'Point', u'coordinates': [-78.9486000005539, 36.00976000023803]}",14665,,Yes,Durham,Durham,No,Monday,18NOV2013,Crossing Roadway - Vehicle Not Turning,23,Non-Intersection,November,23:22,Pedestrian Failed to Yield,,2013,K: Killed,Residential,25-29,27,No,26-30 mph,O: No Injury,Asian,Male,Passenger Car,No,No,36,Dark - Roadway Not Lighted,Urban (>70% Developed),-79,3 lanes,2,21-25,23,No,K: Killed,Travel Lane,Black,Male,Curve - Grade,Local Street,Dry,"Two-Way, Not Divided",None,No Special Feature,Smooth Asphalt,Piedmont,Urban,30 - 35  MPH,No Control Present,Clear,No
"35.9679571083, -78.9572027156","{u'type': u'Point', u'coordinates': [-78.95720271555335, 35.96795710832377]}",2100,2100,No,Durham,Durham,No,Saturday,19MAY2007,Backing Vehicle,13,Non-Roadway,May,13:36,Backing Vehicle - Parking Lot,3214,2007,O: No Injury,Commercial,30-39,39,No,0-5 mph,O: No Injury,Other,Female,Sport Utility,No,No,36,Daylight,Urban (>70% Developed),-79,2 lanes,2,71+,70+,No,O: No Injury,Non-Roadway - Parking Lot / Other,White,Female,Curve - Level,Public Vehicular Area,Dry,"One-Way, Not Divided",None,No Special Feature,Coarse Asphalt,Piedmont,Urban,20 - 25  MPH,No Control Present,Clear,No
"35.9110370929, -79.0418027377","{u'type': u'Point', u'coordinates': [-79.04180273773864, 35.91103709293397]}",1985,1985,Yes,Chapel Hill,Orange,No,Monday,11JUN2007,Crossing Roadway - Vehicle Turning,17,Intersection,June,17:49,Motorist Left Turn - Parallel Paths,1781,2007,B: Evident Injury,Institutional,20-24,21,No,0-5 mph,O: No Injury,White,Male,Passenger Car,No,No,36,Daylight,Urban (>70% Developed),-79,4 lanes,2,61-79,65,No,B: Evident Injury,Crosswalk Area,White,Female,Straight - Level,Local Street,Wet,"Two-Way, Not Divided",None,No Special Feature,Coarse Asphalt,Piedmont,Urban,20 - 25  MPH,Stop And Go Signal,Rain,No
"36.0183751147, -79.076712754","{u'type': u'Point', u'coordinates': [-79.07671275400513, 36.01837511466684]}",9428,2091,Yes,None - Rural Crash,Orange,Yes,Monday,01NOV2010,Walking Along Roadway,6,Non-Intersection,November,6:06,Walking Along Roadway With Traffic - From Behind,23410,2010,C: Possible Injury,"Farms, Woods, Pastures",30-39,39,No,51-55 mph,O: No Injury,White,Male,Pickup,No,No,36,Dark - Roadway Not Lighted,Rural (<30% Developed),-79,2 lanes,2,51-60,56,Yes,C: Possible Injury,Travel Lane,White,Male,Straight - Level,NC Route,Dry,"Two-Way, Not Divided",None,No Special Feature,Smooth Asphalt,Piedmont,Rural,50 - 55  MPH,"Double Yellow Line, No Passing Zone",Clear,No
"35.9025410904, -79.077312748","{u'type': u'Point', u'coordinates': [-79.07731274800696, 35.902541090407695]}",9208,1871,Yes,Carrboro,Orange,No,Monday,06DEC2010,Crossing Roadway - Vehicle Turning,7,Intersection,December,7:31,Motorist Right Turn - Perpendicular Paths,13795,2010,B: Evident Injury,Residential,20-24,20,No,0-5 mph,O: No Injury,White,Female,Passenger Car,No,No,36,Daylight,Urban (>70% Developed),-79,4 lanes,2,26-30,26,No,B: Evident Injury,Travel Lane,White,Female,Straight - Level,NC Route,Dry,"Two-Way, Divided, Unprotected Median",None,Related To Intersection,Coarse Asphalt,Piedmont,Urban,40 - 45  MPH,Stop Sign,Clear,No
"35.9139070927, -79.072202747","{u'type': u'Point', u'coordinates': [-79.07220274695132, 35.91390709274786]}",10781,900,Yes,Carrboro,Orange,No,Friday,20MAY2011,Crossing Roadway - Vehicle Turning,13,Intersection,May,13:30,Motorist Left Turn - Parallel Paths,12781,2011,C: Possible Injury,Residential,40-49,47,No,6-10 mph,Unknown Injury,Black,Male,Passenger Car,No,No,36,Daylight,Urban (>70% Developed),-79,2 lanes,2,16-20,20,No,C: Possible Injury,Crosswalk Area,White,Female,Straight - Level,Local Street,Dry,"Two-Way, Not Divided",None,No Special Feature,Concrete,Piedmont,Urban,20 - 25  MPH,No Control Present,Clear,No
"35.9140970934, -79.0562027421","{u'type': u'Point', u'coordinates': [-79.05620274209714, 35.91409709339109]}",11372,1491,No,Chapel Hill,Orange,Yes,Tuesday,13SEP2011,Crossing Roadway - Vehicle Turning,23,Intersection,September,23:04,Motorist Left Turn - Parallel Paths,12781,2011,C: Possible Injury,Commercial,25-29,26,Yes,16-20 mph,O: No Injury,White,Male,Pickup,No,No,36,Dark - Lighted Roadway,Urban (>70% Developed),-79,4 lanes,2,26-30,29,No,C: Possible Injury,Crosswalk Area,White,Female,Straight - Hillcrest,Local Street,Dry,"Two-Way, Not Divided",None,Four-Way Intersection,Smooth Asphalt,Piedmont,Urban,20 - 25  MPH,Stop And Go Signal,Clear,No
"35.9100670916, -79.0741027475","{u'type': u'Point', u'coordinates': [-79.07410274745561, 35.91006709157545]}",15881,876,Yes,Carrboro,Orange,No,Saturday,14APR2012,Crossing Roadway - Vehicle Not Turning,23,Non-Intersection,April,23:03,Pedestrian Failed to Yield,,2012,,Commercial,20-24,21,No,21-25 mph,O: No Injury,White,Female,Passenger Car,No,No,36,Dark - Lighted Roadway,Urban (>70% Developed),-79,2 lanes,2,51-60,54,No,A: Disabling Injury,Travel Lane,White,Male,Straight - Level,Local Street,Dry,"Two-Way, Not Divided",None,No Special Feature,Coarse Asphalt,Piedmont,Urban,20 - 25  MPH,No Control Present,Clear,No
"35.9446771017, -79.012602731","{u'type': u'Point', u'coordinates': [-79.01260273095521, 35.94467710166261]}",15106,101,Yes,Chapel Hill,Orange,No,Sunday,01JAN2012,Crossing Roadway - Vehicle Not Turning,1,Intersection,January,1:57,Motorist Failed to Yield,,2012,,Commercial,25-29,28,No,36-40 mph,O: No Injury,Black,Female,Passenger Car,No,No,36,Dark - Lighted Roadway,Urban (>70% Developed),-79,4 lanes,2,21-25,23,No,B: Evident Injury,Travel Lane,Black,Male,Straight - Level,US Route,Dry,"Two-Way, Divided, Positive Median Barrier",None,No Special Feature,Smooth Asphalt,Piedmont,Urban,40 - 45  MPH,Stop And Go Signal,Clear,No