Geo Point,Geo Shape,objectid_1,objectid,Ambulance,City,County,crashalcoh,Day of Week,Date,Cause of Crash,Hour of Crash,Location of Crash,Crash Month,Crash Time,Crash Type,crash_ty_1,Crash Year,crsh_sevri,Development,drvrage_gr,Driver Age,drvr_alc_d,drvr_estep,Driver Injury,Driver Race,Driver Sex,Vehicle Type,excsspdind,Hit and Run,latitude,Light Conditions,Locality,longitude,Number of Lanes,Number of Units,Pedestrian Age Group,Pedestrian Age,ped_alc_dr,Pedestrian Injury,Pedestrian Position,Pedestrian Race,Pedestrian Sex,Road Characteristic,Road Class,rd_conditi,Road Configuration,Road Defects,Road Feature,Road Surface,Region,Rural/Urban,Speed Limit,Traffic Control,Weather,Workzone
"35.90312709, -79.0965027542","{u'type': u'Point', u'coordinates': [-79.09650275420474, 35.9031270900079]}",16931,1926,Yes,None - Rural Crash,Orange,Yes,Sunday,16SEP2012,Pedestrian in Roadway - Circumstances Unknown,2,Non-Intersection,September,2:27,Walking in Roadway,,2012,,"Farms, Woods, Pastures",25-29,27,No,41-45 mph,O: No Injury,White,Female,Passenger Car,No,No,36,Dark - Roadway Not Lighted,Rural (<30% Developed),-79,2 lanes,2,41-50,43,Yes,K: Killed,Travel Lane,Hispanic,Male,Straight - Level,State Secondary Route,Dry,"Two-Way, Not Divided",None,Bridge Approach,Coarse Asphalt,Piedmont,Rural,40 - 45  MPH,"Double Yellow Line, No Passing Zone",Clear,No
"35.9376170995, -79.0214027334","{u'type': u'Point', u'coordinates': [-79.02140273340797, 35.93761709952935]}",2039,2039,Yes,Chapel Hill,Orange,No,Saturday,17NOV2007,Unusual Circumstances,1,Non-Roadway,November,1:52,Assault with Vehicle,3110,2007,B: Evident Injury,Commercial,Unknown,Unknown,Missing,Unknown,Unknown Injury,Unknown/Missing,Unknown,Passenger Car,No,No,36,Dark - Roadway Not Lighted,Urban (>70% Developed),-79,Unknown,3,26-30,29,No,B: Evident Injury,Non-Roadway - Parking Lot / Other,Black,Male,Straight - Level,Public Vehicular Area,Dry,Unknown,None,No Special Feature,Smooth Asphalt,Piedmont,Urban,5 - 15 MPH,No Control Present,Clear,No
"35.9067070908, -79.08380275","{u'type': u'Point', u'coordinates': [-79.08380274995982, 35.9067070908245]}",11366,1485,Yes,Carrboro,Orange,Yes,Saturday,10SEP2011,Crossing Roadway - Vehicle Not Turning,11,Non-Intersection,September,11:23,Pedestrian Failed to Yield,23760,2011,B: Evident Injury,Residential,0-19,18,No,26-30 mph,O: No Injury,White,Male,Pickup,No,No,36,Daylight,Urban (>70% Developed),-79,5 lanes,2,41-50,49,Yes,B: Evident Injury,Travel Lane,Black,Female,Straight - Bottom,Local Street,Dry,"Two-Way, Not Divided",None,No Special Feature,Coarse Asphalt,Piedmont,Urban,30 - 35  MPH,No Control Present,Clear,No
"35.9371171, -79.0222027337","{u'type': u'Point', u'coordinates': [-79.0222027337024, 35.93711709996757]}",6755,1836,Yes,Chapel Hill,Orange,No,Thursday,10DEC2009,Off Roadway,10,Non-Roadway,December,10:57,Off Roadway - Parking Lot,38830,2009,C: Possible Injury,Commercial,40-49,44,No,0-5 mph,O: No Injury,White,Male,Passenger Car,No,No,36,Daylight,Urban (>70% Developed),-79,Unknown,2,61-79,70+,No,C: Possible Injury,Non-Roadway - Parking Lot / Other,White,Male,Straight - Level,Public Vehicular Area,Dry,"Two-Way, Not Divided",None,No Special Feature,Smooth Asphalt,Piedmont,Urban,Unknown,No Control Present,Clear,No
"35.918510094, -79.0734587482","{u'type': u'Point', u'coordinates': [-79.07345874822714, 35.918510093953394]}",9243,1906,Yes,Carrboro,Orange,Yes,Saturday,06MAR2010,Off Roadway,8,Non-Roadway,March,8:45,Off Roadway - Other / Unknown,37890,2010,B: Evident Injury,Residential,Unknown,Unknown,Missing,Unknown,Unknown Injury,Unknown/Missing,Unknown,Pickup,No,Yes,36,Unknown,Urban (>70% Developed),-79,1 lane,2,31-40,38,Yes,B: Evident Injury,Driveway / Alley,White,Male,Curve - Grade,Public Vehicular Area,Dry,"One-Way, Not Divided",None,"Driveway, Public",Gravel,Piedmont,Urban,5 - 15 MPH,No Control Present,Clear,No
"35.9561971058, -78.9561027144","{u'type': u'Point', u'coordinates': [-78.95610271436948, 35.95619710582884]}",10878,997,Yes,Durham,Durham,No,Tuesday,28JUN2011,Off Roadway,20,Non-Roadway,June,20:51,Off Roadway - Parking Lot,38830,2011,B: Evident Injury,Commercial,0-19,18,No,16-20 mph,O: No Injury,White,Male,Passenger Car,No,No,36,Dark - Lighted Roadway,Urban (>70% Developed),-79,Unknown,2,71+,70+,No,B: Evident Injury,Non-Roadway - Parking Lot / Other,White,Male,Curve - Level,Public Vehicular Area,Wet,"Two-Way, Not Divided",None,"Driveway, Public",Smooth Asphalt,Piedmont,Urban,5 - 15 MPH,No Control Present,Rain,No
"35.906677091, -79.08370275","{u'type': u'Point', u'coordinates': [-79.08370274999581, 35.906677091048245]}",1970,1970,Yes,Carrboro,Orange,Yes,Tuesday,24JUL2007,Other / Unknown - Insufficient Details,22,Unknown,July,22:03,Other - Unknown Location,9900,2007,A: Disabling Injury,Residential,Unknown,Unknown,Missing,Unknown,Unknown Injury,Unknown/Missing,Unknown,Unknown,No,Yes,36,Dark - Lighted Roadway,Urban (>70% Developed),-79,5 lanes,2,31-40,34,Yes,A: Disabling Injury,Other / Unknown,Black,Female,Straight - Grade,Local Street,Dry,"Two-Way, Not Divided",None,No Special Feature,Smooth Asphalt,Piedmont,Urban,30 - 35  MPH,No Control Present,Cloudy,No
"35.8955370887, -79.0787027482","{u'type': u'Point', u'coordinates': [-79.07870274824914, 35.89553708873423]}",11277,1396,No,Carrboro,Orange,No,Monday,29AUG2011,Unusual Circumstances,19,Non-Intersection,August,19:16,Motor Vehicle Loss of Control,25150,2011,O: No Injury,Residential,0-19,19,No,36-40 mph,O: No Injury,Black,Male,Passenger Car,No,No,36,Daylight,Urban (>70% Developed),-79,2 lanes,2,21-25,24,No,O: No Injury,Sidewalk / Shared Use Path / Driveway Crossing,White,Male,Curve - Hillcrest,Local Street,Wet,"Two-Way, Not Divided",None,No Special Feature,Coarse Asphalt,Piedmont,Urban,20 - 25  MPH,No Control Present,Cloudy,No
"35.9034470953, -78.9505027104","{u'type': u'Point', u'coordinates': [-78.95050271035603, 35.9034470953049]}",17838,2833,Yes,Durham,Durham,No,Thursday,27DEC2012,Multiple Threat / Trapped,13,Non-Intersection,December,13:31,Multiple Threat,,2012,,Commercial,50-59,59,No,31-35 mph,O: No Injury,White,Male,Sport Utility,No,No,36,Daylight,Urban (>70% Developed),-79,2 lanes,2,26-30,29,No,B: Evident Injury,Crosswalk Area,Black,Male,Straight - Level,Local Street,Dry,"Two-Way, Divided, Positive Median Barrier",None,No Special Feature,Smooth Asphalt,Piedmont,Urban,30 - 35  MPH,No Control Present,Clear,No
"35.9005070909, -79.0398027367","{u'type': u'Point', u'coordinates': [-79.03980273674343, 35.900507090854155]}",1947,1947,No,Chapel Hill,Orange,No,Friday,16NOV2007,Crossing Roadway - Vehicle Turning,19,Non-Intersection,November,19:30,Motorist Left Turn - Parallel Paths,2781,2007,O: No Injury,Institutional,Unknown,Unknown,Missing,0-5 mph,Unknown Injury,Unknown/Missing,Unknown,Unknown,No,Yes,36,Dark - Lighted Roadway,Urban (>70% Developed),-79,4 lanes,2,16-20,18,No,O: No Injury,Travel Lane,White,Female,Straight - Grade,Local Street,Dry,"Two-Way, Not Divided",None,No Special Feature,Coarse Asphalt,Piedmont,Urban,20 - 25  MPH,No Control Present,Clear,No
"35.8988670909, -79.0358027355","{u'type': u'Point', u'coordinates': [-79.03580273546949, 35.89886709086291]}",6676,1757,No,Chapel Hill,Orange,No,Saturday,25APR2009,Walking Along Roadway,19,Non-Intersection,April,19:50,Walking Along Roadway Against Traffic - From Front,29440,2009,B: Evident Injury,Institutional,Unknown,Unknown,No,41-45 mph,Unknown Injury,Unknown/Missing,Unknown,Passenger Car,No,Yes,36,Dark - Roadway Not Lighted,Urban (>70% Developed),-79,4 lanes,2,16-20,20,No,B: Evident Injury,Other / Unknown,White,Female,Straight - Grade,US Route,Dry,"Two-Way, Divided, Unprotected Median",None,No Special Feature,Smooth Asphalt,Piedmont,Urban,40 - 45  MPH,No Control Present,Clear,No
"35.8975370903, -79.059328743","{u'type': u'Point', u'coordinates': [-79.05932874300683, 35.89753709026419]}",9203,1866,Yes,Chapel Hill,Orange,No,Thursday,16SEP2010,Walking Along Roadway,7,Non-Intersection,September,7:40,Walking Along Roadway With Traffic - From Behind,24410,2010,B: Evident Injury,Residential,20-24,21,No,Unknown,O: No Injury,White,Female,Passenger Car,No,No,36,Daylight,Urban (>70% Developed),-79,2 lanes,2,21-25,22,No,B: Evident Injury,Paved Shoulder / Bike Lane / Parking Lane,White,Female,Straight - Grade,Local Street,Dry,"Two-Way, Not Divided",Unknown,No Special Feature,Smooth Asphalt,Piedmont,Urban,20 - 25  MPH,No Control Present,Clear,No
"35.9645071077, -78.958702716","{u'type': u'Point', u'coordinates': [-78.95870271599215, 35.96450710765019]}",16135,1130,Yes,Durham,Durham,No,Monday,04JUN2012,Crossing Roadway - Vehicle Turning,8,Non-Intersection,June,8:29,Motorist Left Turn - Parallel Paths,,2012,,Commercial,40-49,49,No,6-10 mph,O: No Injury,Black,Female,Passenger Car,No,No,36,Daylight,Urban (>70% Developed),-79,5 lanes,2,71+,0,No,B: Evident Injury,Travel Lane,Hispanic,Male,Straight - Level,Local Street,Dry,"Two-Way, Divided, Unprotected Median",None,No Special Feature,Coarse Asphalt,Piedmont,Urban,30 - 35  MPH,Stop Sign,Clear,No
"35.9051770916, -79.0659027452","{u'type': u'Point', u'coordinates': [-79.06590274523037, 35.905177091564454]}",16486,1481,Yes,Chapel Hill,Orange,No,Thursday,12JUL2012,Backing Vehicle,15,Intersection,July,15:10,Backing Vehicle - Roadway,,2012,,Residential,70+,70+,No,Unknown,O: No Injury,Black,Male,Passenger Car,No,No,36,Daylight,Urban (>70% Developed),-79,2 lanes,2,21-25,22,No,C: Possible Injury,Travel Lane,Black,Female,Straight - Grade,Local Street,Dry,"Two-Way, Not Divided",None,T-Intersection,Smooth Asphalt,Piedmont,Urban,Unknown,No Control Present,Cloudy,No
"35.9673971077, -78.9782027213","{u'type': u'Point', u'coordinates': [-78.9782027212891, 35.96739710767915]}",17154,2149,Yes,Durham,Durham,No,Thursday,11OCT2012,Unusual Circumstances,16,Non-Intersection,October,16:18,Play Vehicle-Related,,2012,,Residential,20-24,24,No,16-20 mph,O: No Injury,White,Female,Sport Utility,No,No,36,Daylight,Urban (>70% Developed),-79,2 lanes,2,41-50,49,No,B: Evident Injury,Travel Lane,White,Female,Straight - Level,Public Vehicular Area,Dry,"Two-Way, Not Divided",None,T-Intersection,Smooth Asphalt,Piedmont,Urban,5 - 15 MPH,Stop Sign,Clear,No
"35.924987096, -79.0541027424","{u'type': u'Point', u'coordinates': [-79.05410274236868, 35.924987095976896]}",17513,2508,No,Chapel Hill,Orange,No,Monday,05NOV2012,Crossing Roadway - Vehicle Turning,15,Intersection,November,15:59,Motorist Left Turn - Parallel Paths,,2012,,Commercial,50-59,59,No,6-10 mph,O: No Injury,White,Male,Sport Utility,No,No,36,Daylight,Urban (>70% Developed),-79,5 lanes,2,21-25,21,No,B: Evident Injury,Crosswalk Area,White,Female,Curve - Bottom,Local Street,Dry,"Two-Way, Not Divided",None,Four-Way Intersection,Smooth Asphalt,Piedmont,Urban,30 - 35  MPH,Stop And Go Signal,Clear,No
"35.9081170923, -79.0547027417","{u'type': u'Point', u'coordinates': [-79.0547027416724, 35.90811709229175]}",6696,1777,No,Chapel Hill,Orange,No,Tuesday,06OCT2009,Crossing Roadway - Vehicle Turning,7,Intersection,October,7:56,Motorist Left Turn - Parallel Paths,12781,2009,O: No Injury,Industrial,70+,70+,No,6-10 mph,O: No Injury,White,Male,Passenger Car,No,No,36,Daylight,Urban (>70% Developed),-79,5 lanes,2,31-40,38,No,O: No Injury,Crosswalk Area,White,Male,Straight - Grade,Public Vehicular Area,Wet,"Two-Way, Not Divided",None,No Special Feature,Smooth Asphalt,Piedmont,Urban,20 - 25  MPH,Stop And Go Signal,Cloudy,No
"35.9249800002, -79.0541999998","{u'type': u'Point', u'coordinates': [-79.05419999981166, 35.92498000016596]}",14651,,No,Chapel Hill,Orange,No,Tuesday,12NOV2013,Crossing Roadway - Vehicle Turning,18,Intersection,November,18:04,Motorist Left Turn - Parallel Paths,,2013,C: Possible Injury,Commercial,70+,70+,No,6-10 mph,O: No Injury,White,Female,Sport Utility,No,No,36,Dark - Lighted Roadway,Mixed (30% To 70% Developed),-79,5 lanes,2,16-20,20,No,C: Possible Injury,Crosswalk Area,White,Female,Straight - Level,Local Street,Wet,"Two-Way, Not Divided",None,Related To Intersection,Smooth Asphalt,Piedmont,Urban,30 - 35  MPH,Flashing Stop And Go Signal,Rain,No
"35.9138470925, -79.0723027475","{u'type': u'Point', u'coordinates': [-79.07230274745363, 35.91384709245273]}",15514,509,Yes,Carrboro,Orange,Yes,Tuesday,28FEB2012,Crossing Roadway - Vehicle Turning,19,Intersection,February,19:11,Motorist Left Turn - Parallel Paths,,2012,,Residential,60-69,60,Yes,6-10 mph,O: No Injury,White,Female,Passenger Car,No,No,36,Dark - Lighted Roadway,Urban (>70% Developed),-79,2 lanes,2,21-25,21,No,B: Evident Injury,Crosswalk Area,White,Male,Straight - Level,Local Street,Dry,"Two-Way, Not Divided",None,T-Intersection,Smooth Asphalt,Piedmont,Urban,20 - 25  MPH,No Control Present,Clear,No
"35.9625271064, -78.9771027207","{u'type': u'Point', u'coordinates': [-78.97710272073334, 35.962527106406135]}",2084,2084,Yes,Durham,Durham,No,Thursday,19APR2007,Crossing Roadway - Vehicle Not Turning,18,Non-Intersection,April,18:10,Pedestrian Failed to Yield,2760,2007,C: Possible Injury,Commercial,30-39,39,No,36-40 mph,O: No Injury,Black,Female,Sport Utility,No,No,36,Daylight,Urban (>70% Developed),-79,5 lanes,2,51-60,57,No,C: Possible Injury,Travel Lane,White,Female,Straight - Grade,Local Street,Dry,"Two-Way, Not Divided",None,No Special Feature,Coarse Asphalt,Piedmont,Urban,30 - 35  MPH,No Control Present,Cloudy,No
"35.9948871146, -78.9469027141","{u'type': u'Point', u'coordinates': [-78.9469027141267, 35.99488711455434]}",15337,332,No,Durham,Durham,No,Tuesday,24JAN2012,Crossing Roadway - Vehicle Turning,0,Intersection,January,0:03,Motorist Left Turn - Parallel Paths,,2012,,Institutional,Unknown,Unknown,No,0-5 mph,O: No Injury,Asian,Male,Passenger Car,No,No,36,Dark - Lighted Roadway,Rural (<30% Developed),-79,4 lanes,2,26-30,30,No,B: Evident Injury,Crosswalk Area,Unknown/Missing,Female,Straight - Level,Local Street,Wet,"Two-Way, Not Divided",None,Four-Way Intersection,Gravel,Piedmont,Urban,5 - 15 MPH,Stop And Go Signal,Cloudy,No
"35.9364770991, -79.0249027338","{u'type': u'Point', u'coordinates': [-79.02490273380187, 35.93647709913379]}",16015,1010,No,Chapel Hill,Orange,No,Sunday,13MAY2012,Off Roadway,13,Non-Roadway,May,13:42,Off Roadway - Other / Unknown,,2012,,Commercial,30-39,36,No,0-5 mph,O: No Injury,White,Female,Passenger Car,No,No,36,Daylight,Urban (>70% Developed),-79,2 lanes,2,41-50,41,No,C: Possible Injury,Non-Roadway - Parking Lot / Other,White,Female,Straight - Level,Local Street,Dry,"Two-Way, Not Divided",None,Four-Way Intersection,Smooth Asphalt,Piedmont,Urban,Unknown,Stop Sign,Cloudy,No
"35.914277094, -79.0528027414","{u'type': u'Point', u'coordinates': [-79.05280274140526, 35.914277094045666]}",17588,2583,Yes,Chapel Hill,Orange,Yes,Thursday,15NOV2012,Crossing Roadway - Vehicle Turning,19,Intersection,November,19:40,Motorist Left Turn - Parallel Paths,,2012,,Commercial,20-24,23,No,0-5 mph,O: No Injury,White,Male,Passenger Car,No,No,36,Dark - Lighted Roadway,Urban (>70% Developed),-79,4 lanes,2,26-30,27,Yes,C: Possible Injury,Crosswalk Area,White,Male,Straight - Grade,Local Street,Wet,"Two-Way, Not Divided",None,T-Intersection,Coarse Asphalt,Piedmont,Urban,20 - 25  MPH,Stop And Go Signal,Rain,No
"36.0074971176, -78.946402714","{u'type': u'Point', u'coordinates': [-78.9464027140394, 36.00749711762281]}",4498,1951,Yes,Durham,Durham,No,Friday,11JUL2008,Crossing Roadway - Vehicle Turning,15,Intersection,July,15:35,Motorist Left Turn - Parallel Paths,12781,2008,B: Evident Injury,Institutional,30-39,37,No,0-5 mph,O: No Injury,White,Male,Pickup,No,No,36,Daylight,Urban (>70% Developed),-79,2 lanes,2,21-25,23,No,B: Evident Injury,Crosswalk Area,Asian,Male,Straight - Level,Local Street,Dry,"Two-Way, Divided, Unprotected Median",None,Four-Way Intersection,Smooth Asphalt,Piedmont,Urban,30 - 35  MPH,Stop And Go Signal,Clear,No
"35.9277770971, -79.0303027351","{u'type': u'Point', u'coordinates': [-79.03030273510207, 35.92777709710496]}",2024,2024,No,Chapel Hill,Orange,No,Thursday,03MAY2007,Unusual Circumstances,8,Non-Intersection,May,8:48,Play Vehicle-Related,2250,2007,B: Evident Injury,Commercial,40-49,42,No,0-5 mph,O: No Injury,Black,Male,Passenger Car,No,No,36,Daylight,Urban (>70% Developed),-79,Unknown,2,31-40,40,No,B: Evident Injury,Sidewalk / Shared Use Path / Driveway Crossing,White,Female,Straight - Level,Public Vehicular Area,Dry,"Two-Way, Not Divided",None,No Special Feature,Smooth Asphalt,Piedmont,Urban,5 - 15 MPH,No Control Present,Cloudy,No
"35.9026570913, -79.0513027401","{u'type': u'Point', u'coordinates': [-79.05130274012254, 35.90265709127439]}",16808,1803,Yes,Chapel Hill,Orange,No,Monday,13AUG2012,Off Roadway,20,Non-Roadway,August,20:39,Off Roadway - Parking Lot,,2012,,Institutional,40-49,46,No,0-5 mph,O: No Injury,Black,Female,Passenger Car,No,No,36,Dark - Lighted Roadway,Urban (>70% Developed),-79,Unknown,2,26-30,26,No,B: Evident Injury,Non-Roadway - Parking Lot / Other,White,Female,Straight - Level,Public Vehicular Area,Dry,Unknown,None,"Driveway, Public",Concrete,Piedmont,Urban,5 - 15 MPH,No Control Present,Clear,No
"35.9157570935, -79.0649927446","{u'type': u'Point', u'coordinates': [-79.06499274463972, 35.91575709345012]}",9241,1904,Yes,Chapel Hill,Orange,No,Sunday,31OCT2010,Dash / Dart-Out,12,Non-Intersection,October,12:58,Dart-Out,23742,2010,B: Evident Injury,Residential,30-39,31,No,16-20 mph,O: No Injury,Black,Female,Passenger Car,No,No,36,Daylight,Urban (>70% Developed),-79,2 lanes,2,6-10,7,No,B: Evident Injury,Travel Lane,Black,Female,Straight - Bottom,Local Street,Dry,"Two-Way, Not Divided",None,No Special Feature,Smooth Asphalt,Piedmont,Urban,20 - 25  MPH,No Control Present,Clear,No
"35.9101299996, -79.0538999996","{u'type': u'Point', u'coordinates': [-79.0538999996475, 35.910129999647936]}",14710,,Yes,Chapel Hill,Orange,No,Friday,01NOV2013,Crossing Roadway - Vehicle Not Turning,1,Non-Intersection,November,1:17,Pedestrian Failed to Yield,,2013,B: Evident Injury,Institutional,0-19,19,No,21-25 mph,O: No Injury,Black,Female,Passenger Car,No,No,36,Dark - Lighted Roadway,Urban (>70% Developed),-79,3 lanes,2,16-20,18,No,B: Evident Injury,Travel Lane,White,Female,Straight - Level,Local Street,Dry,"One-Way, Not Divided",Unknown,No Special Feature,Smooth Asphalt,Piedmont,Urban,20 - 25  MPH,No Control Present,Clear,No
"35.97311, -78.9516","{u'type': u'Point', u'coordinates': [-78.95160000004095, 35.973110000039355]}",13909,,Yes,Durham,Durham,No,Saturday,07SEP2013,Crossing Roadway - Vehicle Turning,11,Intersection,September,11:42,Motorist Left Turn - Parallel Paths,,2013,B: Evident Injury,Residential,70+,70+,No,0-5 mph,O: No Injury,White,Female,Passenger Car,No,No,36,Daylight,Urban (>70% Developed),-79,4 lanes,2,71+,0,No,B: Evident Injury,Crosswalk Area,White,Female,Straight - Level,Local Street,Dry,"Two-Way, Not Divided",None,No Special Feature,Coarse Asphalt,Piedmont,Urban,5 - 15 MPH,No Control Present,Clear,No
"35.900887091, -79.0440027375","{u'type': u'Point', u'coordinates': [-79.04400273753906, 35.90088709104318]}",16537,1532,Yes,Chapel Hill,Orange,No,Tuesday,17JUL2012,Crossing Roadway - Vehicle Turning,19,Non-Intersection,July,19:37,Motorist Right Turn - Parallel Paths,,2012,,Institutional,40-49,47,No,0-5 mph,O: No Injury,Black,Male,Sport Utility,No,No,36,Daylight,Urban (>70% Developed),-79,4 lanes,2,11-15,11,No,C: Possible Injury,Travel Lane,White,Male,Curve - Level,Local Street,Dry,"Two-Way, Not Divided",None,No Special Feature,Coarse Asphalt,Piedmont,Urban,20 - 25  MPH,No Control Present,Clear,No
"35.9014770904, -79.0732027464","{u'type': u'Point', u'coordinates': [-79.07320274636672, 35.90147709044138]}",1950,1950,No,Carrboro,Orange,No,Saturday,03NOV2007,Working or Playing in Roadway,17,Intersection,November,17:03,Working in Roadway,1311,2007,C: Possible Injury,Commercial,50-59,50,No,41-45 mph,O: No Injury,Hispanic,Male,Pickup,No,No,36,Daylight,Urban (>70% Developed),-79,5 lanes,2,31-40,38,No,C: Possible Injury,Travel Lane,White,Male,Straight - Level,State Secondary Route,Dry,"Two-Way, Not Divided",None,Four-Way Intersection,Smooth Asphalt,Piedmont,Urban,40 - 45  MPH,Human Control,Clear,No
"35.935617099, -79.025862734","{u'type': u'Point', u'coordinates': [-79.02586273401212, 35.9356170989889]}",9278,1941,No,Chapel Hill,Orange,No,Wednesday,20JAN2010,Backing Vehicle,18,Non-Roadway,January,18:46,Backing Vehicle - Parking Lot,38214,2010,C: Possible Injury,Commercial,25-29,25,No,0-5 mph,O: No Injury,White,Female,Passenger Car,No,No,36,Dark - Lighted Roadway,Urban (>70% Developed),-79,Unknown,2,41-50,47,No,C: Possible Injury,Non-Roadway - Parking Lot / Other,Asian,Female,Straight - Level,Public Vehicular Area,Dry,Unknown,None,Other,Concrete,Piedmont,Urban,5 - 15 MPH,No Control Present,Clear,No
"35.9122270972, -78.9458027087","{u'type': u'Point', u'coordinates': [-78.9458027087358, 35.91222709721522]}",9998,117,Yes,Durham,Durham,No,Wednesday,26JAN2011,Crossing Roadway - Vehicle Turning,17,Intersection,January,17:20,Motorist Right Turn - Perpendicular Paths,13795,2011,C: Possible Injury,Commercial,40-49,42,No,0-5 mph,O: No Injury,White,Male,Passenger Car,No,No,36,Daylight,Urban (>70% Developed),-79,2 lanes,2,51-60,56,No,C: Possible Injury,Travel Lane,White,Female,Straight - Level,Local Street,Wet,"Two-Way, Divided, Positive Median Barrier",None,Four-Way Intersection,Smooth Asphalt,Piedmont,Urban,40 - 45  MPH,Stop Sign,Cloudy,No
"35.9127970922, -79.0917027526","{u'type': u'Point', u'coordinates': [-79.09170275262879, 35.912797092182615]}",17214,2209,Yes,Carrboro,Orange,Yes,Wednesday,03OCT2012,Crossing Roadway - Vehicle Not Turning,20,Intersection,October,20:39,Pedestrian Failed to Yield,,2012,,Residential,30-39,33,Yes,26-30 mph,O: No Injury,White,Male,Sport Utility,No,No,36,Dark - Lighted Roadway,Urban (>70% Developed),-79,4 lanes,2,26-30,26,No,C: Possible Injury,Crosswalk Area,White,Female,Straight - Level,NC Route,Dry,"Two-Way, Divided, Unprotected Median",None,Four-Way Intersection,Coarse Asphalt,Piedmont,Urban,40 - 45  MPH,Stop And Go Signal,Clear,No
"35.9112970962, -78.9607027129","{u'type': u'Point', u'coordinates': [-78.96070271294174, 35.911297096174806]}",17628,2623,Yes,Durham,Durham,No,Monday,03DEC2012,Pedestrian in Roadway - Circumstances Unknown,19,Non-Intersection,December,19:22,Walking in Roadway,,2012,,"Farms, Woods, Pastures",30-39,39,No,41-45 mph,O: No Injury,Black,Male,"Single Unit Truck (2-Axle, 6-Tire)",No,No,36,Dark - Roadway Not Lighted,Urban (>70% Developed),-79,2 lanes,2,31-40,33,No,B: Evident Injury,Travel Lane,Asian,Male,Straight - Level,NC Route,Dry,"Two-Way, Not Divided",None,No Special Feature,Coarse Asphalt,Piedmont,Urban,40 - 45  MPH,No Control Present,Clear,No
"36.0095571176, -78.9449027134","{u'type': u'Point', u'coordinates': [-78.94490271340015, 36.00955711760878]}",11158,1277,Yes,Durham,Durham,No,Wednesday,17AUG2011,Off Roadway,13,Non-Roadway,August,13:45,Off Roadway - Parking Lot,38830,2011,C: Possible Injury,Commercial,30-39,31,No,0-5 mph,O: No Injury,White,Male,Passenger Car,No,No,36,Daylight,Urban (>70% Developed),-79,2 lanes,2,26-30,28,No,C: Possible Injury,Non-Roadway - Parking Lot / Other,Other,Female,Straight - Level,Public Vehicular Area,Dry,"Two-Way, Not Divided",None,No Special Feature,Smooth Asphalt,Piedmont,Urban,5 - 15 MPH,No Control Present,Clear,No