Geo Point,Geo Shape,objectid_1,objectid,Ambulance,City,County,crashalcoh,Day of Week,Date,Cause of Crash,Hour of Crash,Location of Crash,Crash Month,Crash Time,Crash Type,crash_ty_1,Crash Year,crsh_sevri,Development,drvrage_gr,Driver Age,drvr_alc_d,drvr_estep,Driver Injury,Driver Race,Driver Sex,Vehicle Type,excsspdind,Hit and Run,latitude,Light Conditions,Locality,longitude,Number of Lanes,Number of Units,Pedestrian Age Group,Pedestrian Age,ped_alc_dr,Pedestrian Injury,Pedestrian Position,Pedestrian Race,Pedestrian Sex,Road Characteristic,Road Class,rd_conditi,Road Configuration,Road Defects,Road Feature,Road Surface,Region,Rural/Urban,Speed Limit,Traffic Control,Weather,Workzone
"35.9046070914, -79.0468027392","{u'type': u'Point', u'coordinates': [-79.04680273916071, 35.904607091435366]}",12258,2377,No,Chapel Hill,Orange,No,Wednesday,14DEC2011,Off Roadway,15,Non-Roadway,December,15:54,Off Roadway - Parking Lot,38830,2011,B: Evident Injury,Institutional,20-24,20,No,6-10 mph,O: No Injury,White,Male,Passenger Car,No,No,36,Daylight,Urban (>70% Developed),-79,2 lanes,2,26-30,26,No,B: Evident Injury,Non-Roadway - Parking Lot / Other,White,Male,Straight - Level,Public Vehicular Area,Dry,"Two-Way, Not Divided",None,No Special Feature,Coarse Asphalt,Piedmont,Urban,5 - 15 MPH,No Control Present,Clear,No
"35.9152870936, -79.0599027433","{u'type': u'Point', u'coordinates': [-79.05990274330811, 35.915287093632294]}",17378,2373,No,Chapel Hill,Orange,Yes,Saturday,27OCT2012,Other / Unknown - Insufficient Details,15,Unknown,October,15:51,Other - Unknown Location,,2012,,Residential,Unknown,Unknown,Missing,Unknown,Unknown Injury,Unknown/Missing,Unknown,Unknown,No,Yes,36,Daylight,Urban (>70% Developed),-79,4 lanes,2,21-25,21,Yes,C: Possible Injury,Travel Lane,White,Male,Straight - Level,Local Street,Dry,"Two-Way, Not Divided",None,No Special Feature,Smooth Asphalt,Piedmont,Urban,20 - 25  MPH,No Control Present,Clear,No
"35.9119770928, -79.0722027475","{u'type': u'Point', u'coordinates': [-79.07220274749069, 35.911977092789705]}",17876,2871,Yes,Carrboro,Orange,Yes,Monday,10DEC2012,Crossing Roadway - Vehicle Not Turning,12,Non-Intersection,December,12:49,Pedestrian Failed to Yield,,2012,,Commercial,Unknown,Unknown,Missing,Unknown,Unknown Injury,Unknown/Missing,Unknown,Pickup,No,Yes,36,Daylight,Urban (>70% Developed),-79,2 lanes,2,31-40,32,Yes,C: Possible Injury,Travel Lane,White,Male,Straight - Level,Local Street,Dry,"Two-Way, Not Divided",None,No Special Feature,Coarse Asphalt,Piedmont,Urban,20 - 25  MPH,"Double Yellow Line, No Passing Zone",Cloudy,No
"35.9536571044, -78.9961027268","{u'type': u'Point', u'coordinates': [-78.9961027267679, 35.95365710438615]}",10492,611,No,Durham,Durham,No,Thursday,14APR2011,Backing Vehicle,11,Non-Roadway,April,11:33,Backing Vehicle - Parking Lot,38214,2011,O: No Injury,Commercial,30-39,38,No,0-5 mph,O: No Injury,Asian,Female,"Light Truck (Mini-Van, Panel)",No,No,36,Daylight,Urban (>70% Developed),-79,2 lanes,2,61-79,62,No,O: No Injury,Non-Roadway - Parking Lot / Other,Black,Female,Straight - Level,Public Vehicular Area,Dry,"Two-Way, Not Divided",None,No Special Feature,Smooth Asphalt,Piedmont,Urban,5 - 15 MPH,No Control Present,Clear,No
"35.9131300003, -79.0556000001","{u'type': u'Point', u'coordinates': [-79.0556000000583, 35.91313000034926]}",13087,,Yes,Chapel Hill,Orange,No,Monday,29APR2013,Crossing Roadway - Vehicle Turning,11,Intersection,April,11:42,Motorist Right Turn - Parallel Paths,,2013,C: Possible Injury,Commercial,70+,70+,No,0-5 mph,O: No Injury,White,Female,Passenger Car,No,No,36,Daylight,Urban (>70% Developed),-79,4 lanes,2,41-50,41,No,C: Possible Injury,Crosswalk Area,Black,Female,Straight - Level,Local Street,Wet,"Two-Way, Not Divided",None,Four-Way Intersection,Smooth Asphalt,Piedmont,Urban,20 - 25  MPH,Stop And Go Signal,Cloudy,No
"35.911677093, -79.0643027449","{u'type': u'Point', u'coordinates': [-79.06430274491862, 35.91167709296261]}",6708,1789,Yes,Chapel Hill,Orange,Yes,Thursday,29OCT2009,Backing Vehicle,15,Non-Roadway,October,15:40,Backing Vehicle - Driveway,37211,2009,C: Possible Injury,Institutional,60-69,60,No,6-10 mph,O: No Injury,Black,Female,Passenger Car,No,No,36,Daylight,Urban (>70% Developed),-79,Unknown,2,41-50,50,Yes,C: Possible Injury,Driveway / Alley,White,Male,Straight - Level,"Private Road, Driveway",Dry,"One-Way, Not Divided",None,"Driveway, Public",Gravel,Piedmont,Urban,5 - 15 MPH,No Control Present,Cloudy,No
"36.0092071173, -78.9550027171","{u'type': u'Point', u'coordinates': [-78.95500271710647, 36.00920711725159]}",6894,1975,No,Durham,Durham,No,Tuesday,04AUG2009,Backing Vehicle,13,Non-Roadway,August,13:00,Backing Vehicle - Parking Lot,38214,2009,O: No Injury,Commercial,60-69,65,No,0-5 mph,O: No Injury,White,Female,Sport Utility,No,No,36,Daylight,Mixed (30% To 70% Developed),-79,Unknown,2,41-50,50,No,O: No Injury,Non-Roadway - Parking Lot / Other,White,Female,Straight - Level,Public Vehicular Area,Dry,"Two-Way, Not Divided",None,"Driveway, Private",Smooth Asphalt,Piedmont,Urban,5 - 15 MPH,No Control Present,Clear,No
"35.9498771037, -78.9930027255","{u'type': u'Point', u'coordinates': [-78.9930027255202, 35.94987710372038]}",4375,1828,No,Durham,Durham,No,Sunday,14SEP2008,Off Roadway,14,Non-Roadway,September,14:48,Off Roadway - Parking Lot,38830,2008,B: Evident Injury,Commercial,30-39,38,No,0-5 mph,O: No Injury,Hispanic,Male,Pickup,No,Yes,36,Daylight,Urban (>70% Developed),-79,2 lanes,2,31-40,38,No,B: Evident Injury,Non-Roadway - Parking Lot / Other,Black,Female,Straight - Level,Public Vehicular Area,Dry,"Two-Way, Not Divided",None,No Special Feature,Smooth Asphalt,Piedmont,Urban,5 - 15 MPH,No Control Present,Clear,No
"35.9091970923, -79.0488027396","{u'type': u'Point', u'coordinates': [-79.0488027395561, 35.90919709226699]}",12283,2402,No,Chapel Hill,Orange,No,Tuesday,29NOV2011,Crossing Roadway - Vehicle Not Turning,18,Non-Intersection,November,18:03,Motorist Failed to Yield,22770,2011,B: Evident Injury,Industrial,60-69,67,No,6-10 mph,O: No Injury,White,Male,Passenger Car,No,No,36,Dark - Lighted Roadway,Urban (>70% Developed),-79,2 lanes,2,16-20,19,No,B: Evident Injury,Crosswalk Area,White,Female,Straight - Level,Local Street,Wet,"Two-Way, Not Divided",None,Non-Intersection Median Crossing,Smooth Asphalt,Piedmont,Urban,20 - 25  MPH,Yield Sign,Rain,No
"35.9041199996, -79.0488999995","{u'type': u'Point', u'coordinates': [-79.04889999946487, 35.90411999958107]}",14365,,No,Chapel Hill,Orange,No,Friday,27SEP2013,Backing Vehicle,10,Non-Roadway,September,10:13,Backing Vehicle - Parking Lot,,2013,C: Possible Injury,Institutional,20-24,21,No,0-5 mph,O: No Injury,Other,Female,Passenger Car,No,No,36,Daylight,Urban (>70% Developed),-79,Unknown,2,21-25,21,No,C: Possible Injury,Non-Roadway - Parking Lot / Other,Hispanic,Female,Straight - Level,Local Street,Dry,"Two-Way, Not Divided",None,"Driveway, Public",Smooth Asphalt,Piedmont,Urban,5 - 15 MPH,No Control Present,Clear,No
"35.9111670954, -78.98380272","{u'type': u'Point', u'coordinates': [-78.9838027199695, 35.9111670954007]}",17605,2600,Yes,Durham,Durham,No,Friday,30NOV2012,Crossing Roadway - Vehicle Turning,21,Non-Intersection,November,21:13,Motorist Left Turn - Parallel Paths,,2012,,Commercial,50-59,51,No,6-10 mph,O: No Injury,Black,Male,Passenger Car,No,No,36,Dusk,Urban (>70% Developed),-79,2 lanes,3,26-30,28,No,B: Evident Injury,Travel Lane,Black,Male,Curve - Level,Local Street,Dry,"Two-Way, Not Divided",None,No Special Feature,Smooth Asphalt,Piedmont,Urban,30 - 35  MPH,No Control Present,Clear,No
"35.962277104, -79.0553027453","{u'type': u'Point', u'coordinates': [-79.05530274526379, 35.962277104038215]}",4396,1849,Yes,Chapel Hill,Orange,No,Monday,21JAN2008,Crossing Roadway - Vehicle Turning,15,Intersection,January,15:40,Motorist Left Turn - Parallel Paths,12781,2008,A: Disabling Injury,Commercial,70+,70+,No,6-10 mph,O: No Injury,White,Female,Passenger Car,No,No,36,Other,Urban (>70% Developed),-79,3 lanes,3,41-50,45,No,A: Disabling Injury,Crosswalk Area,White,Female,Straight - Level,Local Street,Dry,"Two-Way, Not Divided",None,Four-Way Intersection,Smooth Asphalt,Piedmont,Urban,20 - 25  MPH,Stop Sign,Clear,No
"36.007417117, -78.9534027162","{u'type': u'Point', u'coordinates': [-78.95340271618147, 36.00741711695813]}",11031,1150,Yes,Durham,Durham,Yes,Sunday,24JUL2011,Off Roadway,1,Non-Roadway,July,1:44,Off Roadway - Parking Lot,38830,2011,C: Possible Injury,Residential,30-39,38,No,0-5 mph,O: No Injury,Black,Male,Passenger Car,No,No,36,Dark - Roadway Not Lighted,Urban (>70% Developed),-79,Unknown,2,26-30,28,Yes,C: Possible Injury,Non-Roadway - Parking Lot / Other,White,Female,Straight - Grade,Public Vehicular Area,Dry,"One-Way, Not Divided","Rut, Holes, Bumps",No Special Feature,Concrete,Piedmont,Urban,5 - 15 MPH,No Control Present,Clear,No
"35.9350800002, -79.0294999998","{u'type': u'Point', u'coordinates': [-79.0294999997595, 35.935080000242266]}",14325,,Yes,Chapel Hill,Orange,No,Tuesday,24SEP2013,Crossing Roadway - Vehicle Turning,17,Intersection,September,17:38,Motorist Left Turn - Parallel Paths,,2013,C: Possible Injury,Residential,60-69,64,No,6-10 mph,O: No Injury,White,Female,Passenger Car,No,No,36,Daylight,Urban (>70% Developed),-79,7 lanes,2,51-60,55,No,C: Possible Injury,Crosswalk Area,Black,Female,Straight - Grade,Local Street,Dry,"Two-Way, Not Divided",None,Four-Way Intersection,Smooth Asphalt,Piedmont,Urban,30 - 35  MPH,Stop And Go Signal,Clear,No
"35.9595671056, -78.9774027211","{u'type': u'Point', u'coordinates': [-78.97740272109107, 35.959567105575054]}",4390,1843,Yes,Durham,Durham,No,Friday,30MAY2008,Off Roadway,22,Non-Roadway,May,22:27,Off Roadway - Parking Lot,38830,2008,C: Possible Injury,Residential,50-59,53,No,6-10 mph,Unknown Injury,Hispanic,Male,Sport Utility,No,No,36,Dark - Lighted Roadway,Urban (>70% Developed),-79,Unknown,2,0-5,1,No,C: Possible Injury,Non-Roadway - Parking Lot / Other,Hispanic,Female,Straight - Level,Public Vehicular Area,Dry,"Two-Way, Not Divided",None,No Special Feature,Coarse Asphalt,Piedmont,Urban,5 - 15 MPH,No Control Present,Clear,No
"36.0173571194, -78.9428027134","{u'type': u'Point', u'coordinates': [-78.94280271343236, 36.01735711938257]}",4510,1963,Yes,Durham,Durham,No,Friday,12SEP2008,Backing Vehicle,11,Non-Roadway,September,11:28,Backing Vehicle - Parking Lot,38214,2008,B: Evident Injury,Commercial,Unknown,Unknown,Missing,0-5 mph,Unknown Injury,Unknown/Missing,Unknown,Sport Utility,No,Yes,36,Daylight,Urban (>70% Developed),-79,1 lane,2,71+,70+,No,B: Evident Injury,Non-Roadway - Parking Lot / Other,White,Male,Straight - Level,Public Vehicular Area,Dry,"One-Way, Not Divided",None,No Special Feature,Smooth Asphalt,Piedmont,Urban,5 - 15 MPH,No Control Present,Clear,No
"35.9198970983, -78.9600027136","{u'type': u'Point', u'coordinates': [-78.96000271361095, 35.91989709829479]}",4328,1781,Yes,Durham,Durham,No,Friday,14MAR2008,Dash / Dart-Out,14,Non-Intersection,March,14:58,Dash,23741,2008,B: Evident Injury,Commercial,50-59,51,No,21-25 mph,O: No Injury,White,Male,Passenger Car,No,No,36,Daylight,Urban (>70% Developed),-79,4 lanes,3,11-15,14,No,B: Evident Injury,Travel Lane,White,Male,Straight - Grade,Local Street,Dry,"Two-Way, Not Divided",None,Four-Way Intersection,Coarse Asphalt,Piedmont,Urban,30 - 35  MPH,Stop And Go Signal,Clear,Yes
"36.0150071189, -78.9472027147","{u'type': u'Point', u'coordinates': [-78.94720271473042, 36.015007118880014]}",6897,1978,Yes,Durham,Durham,Yes,Friday,06NOV2009,Crossing Roadway - Vehicle Not Turning,17,Non-Intersection,November,17:48,Pedestrian Failed to Yield,23760,2009,B: Evident Injury,Residential,60-69,65,No,21-25 mph,O: No Injury,White,Female,Passenger Car,No,No,36,Dark - Lighted Roadway,Mixed (30% To 70% Developed),-79,2 lanes,2,41-50,43,Yes,B: Evident Injury,Travel Lane,Hispanic,Male,Straight - Hillcrest,Local Street,Dry,"Two-Way, Not Divided",None,No Special Feature,Coarse Asphalt,Piedmont,Urban,30 - 35  MPH,No Control Present,Clear,No
"35.9040200001, -79.0499999995","{u'type': u'Point', u'coordinates': [-79.04999999946384, 35.904020000115366]}",14091,,Yes,Chapel Hill,Orange,No,Thursday,29AUG2013,Crossing Roadway - Vehicle Not Turning,7,Non-Intersection,August,7:36,Motorist Failed to Yield,,2013,B: Evident Injury,Commercial,60-69,60,No,0-5 mph,O: No Injury,Black,Male,Passenger Car,No,No,36,Daylight,Urban (>70% Developed),-79,1 lane,2,61-79,65,No,B: Evident Injury,Paved Shoulder / Bike Lane / Parking Lane,Black,Female,Straight - Level,Local Street,Dry,Unknown,None,No Special Feature,Coarse Asphalt,Piedmont,Urban,5 - 15 MPH,No Control Present,Clear,No
"35.8949470892, -79.05020274","{u'type': u'Point', u'coordinates': [-79.05020274002727, 35.89494708919937]}",1942,1942,Yes,Chapel Hill,Orange,No,Thursday,27DEC2007,Crossing Roadway - Vehicle Not Turning,19,Intersection-Related,December,19:01,Pedestrian Failed to Yield,4760,2007,A: Disabling Injury,Residential,20-24,23,No,41-45 mph,O: No Injury,Black,Female,Passenger Car,No,No,36,Dark - Roadway Not Lighted,Mixed (30% To 70% Developed),-79,4 lanes,2,71+,70+,No,A: Disabling Injury,Travel Lane,White,Male,Straight - Grade,US Route,Dry,"Two-Way, Divided, Unprotected Median",None,Related To Intersection,Smooth Asphalt,Piedmont,Urban,40 - 45  MPH,No Control Present,Clear,No
"35.9141470939, -79.0563027428","{u'type': u'Point', u'coordinates': [-79.0563027427716, 35.91414709387551]}",1995,1995,Yes,Chapel Hill,Orange,No,Friday,16NOV2007,Crossing Roadway - Vehicle Turning,17,Intersection,November,17:21,Motorist Left Turn - Parallel Paths,1781,2007,C: Possible Injury,Commercial,50-59,52,No,11-15 mph,O: No Injury,White,Female,"EMS Vehicle, Ambulance, Rescue Squad",No,No,36,Dawn,Urban (>70% Developed),-79,2 lanes,2,21-25,21,No,C: Possible Injury,Crosswalk Area,White,Female,Straight - Hillcrest,Local Street,Dry,"Two-Way, Not Divided",None,Four-Way Intersection,Smooth Asphalt,Piedmont,Urban,20 - 25  MPH,Stop And Go Signal,Clear,No
"35.9926571139, -78.9436027131","{u'type': u'Point', u'coordinates': [-78.9436027131386, 35.99265711387214]}",9378,2041,Yes,Durham,Durham,No,Saturday,04SEP2010,Crossing Roadway - Vehicle Not Turning,21,Non-Intersection,September,21:56,Pedestrian Failed to Yield,23760,2010,C: Possible Injury,Institutional,25-29,28,No,11-15 mph,O: No Injury,Hispanic,Male,Passenger Car,No,No,36,Dark - Roadway Not Lighted,Urban (>70% Developed),-79,4 lanes,2,11-15,12,No,C: Possible Injury,Travel Lane,White,Male,Straight - Grade,NC Route,Dry,"Two-Way, Not Divided",None,No Special Feature,Smooth Asphalt,Piedmont,Urban,30 - 35  MPH,No Control Present,Clear,No
"35.9476371012, -79.0518027426","{u'type': u'Point', u'coordinates': [-79.05180274261542, 35.94763710119006]}",2055,2055,Yes,None - Rural Crash,Orange,No,Wednesday,03OCT2007,Unusual Circumstances,17,Non-Roadway,October,17:30,Driverless Vehicle,3220,2007,B: Evident Injury,Residential,Unknown,Unknown,Missing,0-5 mph,Unknown Injury,Unknown/Missing,Unknown,Passenger Car,No,No,36,Daylight,Rural (<30% Developed),-79,2 lanes,2,41-50,41,No,B: Evident Injury,Driveway / Alley,White,Female,Straight - Grade,State Secondary Route,Dry,"Two-Way, Not Divided",None,"Driveway, Private",Coarse Asphalt,Piedmont,Rural,40 - 45  MPH,No Control Present,Clear,No
"36.0090071174, -78.9437027134","{u'type': u'Point', u'coordinates': [-78.94370271342216, 36.00900711742287]}",4502,1955,No,Durham,Durham,No,Thursday,13MAR2008,Off Roadway,13,Non-Roadway,March,13:32,Off Roadway - Other / Unknown,37890,2008,C: Possible Injury,Commercial,Unknown,Unknown,No,0-5 mph,Unknown Injury,Unknown/Missing,Unknown,Passenger Car,No,Yes,36,Daylight,Urban (>70% Developed),-79,Unknown,2,21-25,24,No,C: Possible Injury,Driveway / Alley,White,Male,Straight - Level,Public Vehicular Area,Dry,Unknown,None,No Special Feature,Coarse Asphalt,Piedmont,Urban,5 - 15 MPH,No Control Present,Clear,No
"35.8461070769, -79.1033027532","{u'type': u'Point', u'coordinates': [-79.10330275317448, 35.846107076908]}",6614,1695,Yes,None - Rural Crash,Chatham,No,Tuesday,27JAN2009,Pedestrian in Roadway - Circumstances Unknown,22,Non-Intersection,January,22:19,Lying in Roadway,23313,2009,K: Killed,"Farms, Woods, Pastures",40-49,48,No,41-45 mph,O: No Injury,White,Male,Pickup,No,No,36,Dark - Roadway Not Lighted,Rural (<30% Developed),-79,2 lanes,2,51-60,56,No,K: Killed,Travel Lane,White,Female,Straight - Grade,State Secondary Route,Wet,"Two-Way, Not Divided",None,No Special Feature,Smooth Asphalt,Piedmont,Rural,40 - 45  MPH,"Double Yellow Line, No Passing Zone","Fog, Smog, Smoke",No
"35.9284170973, -79.0332287367","{u'type': u'Point', u'coordinates': [-79.03322873668932, 35.92841709731694]}",9265,1928,Yes,Chapel Hill,Orange,No,Tuesday,12OCT2010,Crossing Driveway or Alley,15,Non-Intersection,October,15:59,Motorist Exiting Driveway or Alley,25465,2010,B: Evident Injury,Commercial,40-49,44,No,0-5 mph,O: No Injury,White,Male,Pickup,No,No,36,Daylight,Urban (>70% Developed),-79,4 lanes,2,71+,70+,No,B: Evident Injury,Sidewalk / Shared Use Path / Driveway Crossing,White,Female,Straight - Level,Local Street,Dry,"Two-Way, Divided, Unprotected Median",None,T-Intersection,Smooth Asphalt,Piedmont,Urban,30 - 35  MPH,"Double Yellow Line, No Passing Zone",Clear,No
"35.8413870745, -79.1494027668","{u'type': u'Point', u'coordinates': [-79.14940276678543, 35.84138707447619]}",6609,1690,Yes,None - Rural Crash,Chatham,Yes,Tuesday,24MAR2009,Unusual Circumstances,20,Non-Roadway,March,20:38,Pedestrian on Vehicle,37130,2009,C: Possible Injury,"Farms, Woods, Pastures",30-39,38,Yes,36-40 mph,O: No Injury,White,Female,Passenger Car,No,No,36,Dark - Roadway Not Lighted,Rural (<30% Developed),-79,2 lanes,2,31-40,31,Yes,C: Possible Injury,Driveway / Alley,White,Male,Straight - Level,State Secondary Route,Dry,"Two-Way, Not Divided",None,No Special Feature,Coarse Asphalt,Piedmont,Rural,50 - 55  MPH,No Control Present,Clear,No
"35.903667092, -79.0464927387","{u'type': u'Point', u'coordinates': [-79.04649273869482, 35.90366709203871]}",9211,1874,Yes,Chapel Hill,Orange,No,Thursday,14OCT2010,Crossing Roadway - Vehicle Turning,21,Intersection,October,21:40,Motorist Left Turn - Parallel Paths,12781,2010,O: No Injury,Institutional,20-24,20,No,0-5 mph,O: No Injury,White,Female,Passenger Car,No,No,36,Dark - Lighted Roadway,Urban (>70% Developed),-79,4 lanes,2,16-20,20,No,Unknown Injury,Crosswalk Area,Black,Female,Straight - Level,Public Vehicular Area,Dry,"Two-Way, Divided, Unprotected Median",Unknown,No Special Feature,Smooth Asphalt,Piedmont,Urban,20 - 25  MPH,Stop And Go Signal,Clear,No
"35.9107670928, -79.0545027421","{u'type': u'Point', u'coordinates': [-79.05450274210922, 35.91076709281511]}",1983,1983,No,Chapel Hill,Orange,No,Wednesday,30MAY2007,Dash / Dart-Out,10,Intersection,May,10:23,Dash,1741,2007,B: Evident Injury,Residential,70+,70+,No,0-5 mph,O: No Injury,White,Male,Passenger Car,No,No,36,Daylight,Urban (>70% Developed),-79,2 lanes,2,16-20,19,No,B: Evident Injury,Crosswalk Area,White,Female,Straight - Level,Local Street,Dry,"Two-Way, Not Divided",None,Four-Way Intersection,Coarse Asphalt,Piedmont,Urban,20 - 25  MPH,Stop And Go Signal,Clear,No
"35.9032670948, -78.9556027119","{u'type': u'Point', u'coordinates': [-78.95560271186667, 35.90326709482466]}",1957,1957,No,Durham,Durham,No,Sunday,02DEC2007,Backing Vehicle,19,Non-Roadway,December,19:51,Backing Vehicle - Parking Lot,3214,2007,O: No Injury,Commercial,Unknown,Unknown,Missing,0-5 mph,Unknown Injury,Unknown/Missing,Unknown,Passenger Car,No,Yes,36,Dusk,Mixed (30% To 70% Developed),-79,Unknown,2,16-20,19,No,O: No Injury,Non-Roadway - Parking Lot / Other,Black,Female,Straight - Level,Public Vehicular Area,Dry,"Two-Way, Not Divided",None,No Special Feature,Smooth Asphalt,Piedmont,Urban,5 - 15 MPH,No Control Present,Clear,No
"35.9141370938, -79.0563127429","{u'type': u'Point', u'coordinates': [-79.05631274291103, 35.9141370938247]}",9235,1898,Yes,Chapel Hill,Orange,No,Monday,27SEP2010,Crossing Roadway - Vehicle Not Turning,16,Intersection,September,16:22,Pedestrian Failed to Yield,12760,2010,B: Evident Injury,Commercial,20-24,20,No,11-15 mph,O: No Injury,White,Female,Sport Utility,No,No,36,Daylight,Urban (>70% Developed),-79,3 lanes,2,51-60,60,No,B: Evident Injury,Crosswalk Area,White,Male,Straight - Level,Local Street,Wet,"Two-Way, Not Divided",None,Four-Way Intersection,Coarse Asphalt,Piedmont,Urban,20 - 25  MPH,Stop And Go Signal,Rain,No
"35.9527571036, -78.9946027258","{u'type': u'Point', u'coordinates': [-78.99460272577993, 35.9527571036146]}",6781,1862,No,Durham,Durham,No,Tuesday,29SEP2009,Other / Unknown - Insufficient Details,5,Intersection,September,5:45,Intersection - Other / Unknown,13690,2009,K: Killed,Commercial,30-39,31,No,41-45 mph,O: No Injury,White,Male,Passenger Car,No,No,36,Dark - Roadway Not Lighted,Urban (>70% Developed),-79,9 or more lanes,2,26-30,27,No,K: Killed,Travel Lane,White,Male,Straight - Level,Local Street,Dry,"Two-Way, Divided, Unprotected Median",None,Four-Way Intersection,Smooth Asphalt,Piedmont,Urban,40 - 45  MPH,Stop And Go Signal,Clear,Yes
"35.9200620984, -78.9599177137","{u'type': u'Point', u'coordinates': [-78.95991771367648, 35.92006209839075]}",9245,1908,No,Durham,Durham,No,Monday,11OCT2010,Other / Unknown - Insufficient Details,13,Non-Intersection,October,13:28,Non-Intersection - Other / Unknown,23680,2010,C: Possible Injury,Residential,20-24,23,No,0-5 mph,O: No Injury,Black,Female,Passenger Car,No,No,36,Daylight,Urban (>70% Developed),-79,4 lanes,2,16-20,17,No,C: Possible Injury,Travel Lane,Black,Female,Straight - Level,Local Street,Dry,"Two-Way, Not Divided",None,No Special Feature,Coarse Asphalt,Piedmont,Urban,5 - 15 MPH,Stop And Go Signal,Clear,No
"35.9120570934, -79.0508027409","{u'type': u'Point', u'coordinates': [-79.05080274094128, 35.912057093363146]}",15739,734,Yes,Chapel Hill,Orange,No,Monday,26MAR2012,Crossing Roadway - Vehicle Not Turning,15,Non-Intersection,March,15:11,Motorist Failed to Yield,,2012,,Institutional,20-24,22,No,31-35 mph,Unknown Injury,White,Female,Passenger Car,No,No,36,Daylight,Urban (>70% Developed),-79,Unknown,2,21-25,21,No,A: Disabling Injury,Crosswalk Area,Black,Female,Straight - Level,Local Street,Dry,"Two-Way, Not Divided",None,No Special Feature,Coarse Asphalt,Piedmont,Urban,20 - 25  MPH,No Control Present,Clear,No
"35.9042770904, -79.0879027518","{u'type': u'Point', u'coordinates': [-79.0879027517705, 35.90427709037941]}",16259,1254,No,Carrboro,Orange,No,Saturday,09JUN2012,Off Roadway,20,Non-Roadway,June,20:37,Off Roadway - Parking Lot,,2012,,Residential,Unknown,Unknown,Missing,16-20 mph,Unknown Injury,Unknown/Missing,Unknown,Unknown,No,Yes,36,Dark - Lighted Roadway,Urban (>70% Developed),-79,Unknown,2,41-50,46,No,B: Evident Injury,Non-Roadway - Parking Lot / Other,White,Female,Straight - Level,Public Vehicular Area,Dry,"Two-Way, Not Divided",None,No Special Feature,Coarse Asphalt,Piedmont,Urban,30 - 35  MPH,No Control Present,Clear,No